rule,param,live,demo,n_stop,elapsed_s,time_saved_s,dev_pos_mm,dev_rot_deg,abs_pos_mm,abs_rot_deg,failed
time,0.1,pick_up_mug_001,pick_up_mug_002,14,0.105,2.9051,0.0,0.0,291.5083,31.8199,0
time,0.1,pick_up_mug_001,pick_up_mug_003,12,0.1012,2.909,39.2545,4.646,319.2892,38.3018,0
time,0.1,pick_up_mug_001,pick_up_mug_004,15,0.1065,2.8986,0.2497,0.0296,691.9397,96.835,0
time,0.1,pick_up_mug_001,pick_up_mug_005,9,0.1118,2.8957,25.8238,3.0471,819.4424,125.0862,0
time,0.1,pick_up_mug_001,pick_up_mug_006,10,0.1023,2.9079,74.3814,8.8756,279.8531,34.0433,0
time,0.1,pick_up_mug_001,pick_up_mug_007,11,0.1043,2.8972,1.1364,0.1327,218.1788,28.8713,0
time,0.1,pick_up_mug_001,pick_up_mug_008,7,0.1041,2.8965,2.4555,0.3054,182.5506,19.5352,0
time,0.1,pick_up_mug_002,pick_up_mug_001,7,0.1039,2.8992,18.6403,1.7455,596.8584,55.3831,0
time,0.1,pick_up_mug_002,pick_up_mug_003,16,0.1003,2.9014,0.0,0.0,114.7661,12.63,0
time,0.1,pick_up_mug_002,pick_up_mug_004,17,0.1008,2.9032,22.1897,2.0184,627.5561,65.8986,0
time,0.1,pick_up_mug_002,pick_up_mug_005,10,0.1091,2.8919,20.713,1.9997,943.958,105.8586,0
time,0.1,pick_up_mug_002,pick_up_mug_006,12,0.1011,2.9018,45.8442,4.3592,95.4639,8.558,0
time,0.1,pick_up_mug_002,pick_up_mug_007,18,0.1099,2.8922,0.0,0.0,572.9422,54.3083,0
time,0.1,pick_up_mug_002,pick_up_mug_008,8,0.1147,2.8926,26.6571,2.5749,636.4442,62.3901,0
time,0.1,pick_up_mug_003,pick_up_mug_001,7,0.106,2.8986,17.9902,1.6301,704.9152,67.9725,0
time,0.1,pick_up_mug_003,pick_up_mug_002,18,0.1056,2.8961,1.0711,0.0871,120.5291,12.8555,0
time,0.1,pick_up_mug_003,pick_up_mug_004,16,0.1019,2.9007,43.3796,3.9539,536.4623,53.2755,0
time,0.1,pick_up_mug_003,pick_up_mug_005,10,0.1041,2.9018,6.9448,0.6253,852.6833,88.8969,0
time,0.1,pick_up_mug_003,pick_up_mug_006,11,0.1069,2.8959,12.6729,1.168,180.8867,16.833,0
time,0.1,pick_up_mug_003,pick_up_mug_007,14,0.1034,2.8972,0.0123,0.0011,685.4062,66.8606,0
time,0.1,pick_up_mug_003,pick_up_mug_008,8,0.1101,2.8928,50.7382,4.6956,748.8606,75.1868,0
time,0.1,pick_up_mug_004,pick_up_mug_001,7,0.107,2.9019,0.0,0.0,999.9678,117.419,0
time,0.1,pick_up_mug_004,pick_up_mug_002,14,0.1056,2.8984,0.9352,0.0898,623.695,66.6114,0
time,0.1,pick_up_mug_004,pick_up_mug_003,13,0.1035,2.8994,10.2316,0.9871,514.0551,53.4373,0
time,0.1,pick_up_mug_004,pick_up_mug_005,8,0.1008,2.9035,7.108,0.5785,374.0455,36.1118,0
time,0.1,pick_up_mug_004,pick_up_mug_006,8,0.1012,2.9019,10.4069,0.8141,741.0574,81.8781,0
time,0.1,pick_up_mug_004,pick_up_mug_007,13,0.1057,2.898,3.0364,0.2917,1028.5926,120.6325,0
time,0.1,pick_up_mug_004,pick_up_mug_008,7,0.1081,2.902,29.7546,2.8775,1065.4819,128.5196,0
time,0.1,pick_up_mug_005,pick_up_mug_001,7,0.1105,2.8901,1.0726,0.1021,1063.0342,144.2727,0
time,0.1,pick_up_mug_005,pick_up_mug_002,11,0.1109,2.8898,5.8187,0.6731,815.9954,94.52,0
time,0.1,pick_up_mug_005,pick_up_mug_003,10,0.1002,2.9076,11.3681,1.1385,757.5396,85.4878,0
time,0.1,pick_up_mug_005,pick_up_mug_004,13,0.101,2.9117,6.7311,0.6811,344.9259,34.606,0
time,0.1,pick_up_mug_005,pick_up_mug_006,9,0.1061,2.9015,0.8871,0.089,944.0912,119.4456,0
time,0.1,pick_up_mug_005,pick_up_mug_007,10,0.1012,2.9008,49.8161,5.0826,1107.3421,153.8609,0
time,0.1,pick_up_mug_005,pick_up_mug_008,8,0.1156,2.8916,0.0348,0.0055,1106.0179,151.6918,0
time,0.1,pick_up_mug_006,pick_up_mug_001,7,0.1147,2.8858,5.1046,0.5062,534.5761,56.2024,0
time,0.1,pick_up_mug_006,pick_up_mug_002,13,0.1041,2.8997,0.0,0.0,68.8563,4.9759,0
time,0.1,pick_up_mug_006,pick_up_mug_003,10,0.1009,2.9124,33.5289,3.3014,84.471,8.4406,0
time,0.1,pick_up_mug_006,pick_up_mug_004,10,0.1015,2.9025,8.1256,0.7351,606.7214,70.3952,0
time,0.1,pick_up_mug_006,pick_up_mug_005,7,0.1065,2.9017,23.0504,2.2922,879.2532,110.031,0
time,0.1,pick_up_mug_006,pick_up_mug_007,9,0.1009,2.9076,33.3781,3.0705,586.1857,63.3011,0
time,0.1,pick_up_mug_006,pick_up_mug_008,7,0.1159,2.8856,15.4196,1.5704,648.802,72.3849,0
time,0.1,pick_up_mug_007,pick_up_mug_001,6,0.1047,2.9023,0.366,0.0365,36.722,3.9666,0
time,0.1,pick_up_mug_007,pick_up_mug_002,10,0.1056,2.8962,0.3787,0.0903,527.8624,53.9355,0
time,0.1,pick_up_mug_007,pick_up_mug_003,10,0.1026,2.8975,0.348,0.0373,613.4725,66.6277,0
time,0.1,pick_up_mug_007,pick_up_mug_004,12,0.1003,2.8998,4.6902,0.7845,959.9754,119.8431,0
time,0.1,pick_up_mug_007,pick_up_mug_005,7,0.116,2.8975,0.0,0.0,1095.0313,160.6024,0
time,0.1,pick_up_mug_007,pick_up_mug_006,9,0.1082,2.8926,0.0,0.0,529.416,58.1882,0
time,0.1,pick_up_mug_007,pick_up_mug_008,8,0.1086,2.8915,48.3154,5.1091,244.399,27.4035,0
time,0.1,pick_up_mug_008,pick_up_mug_001,8,0.1037,2.903,6.0026,0.5129,185.973,13.02,0
time,0.1,pick_up_mug_008,pick_up_mug_002,10,0.1134,2.8898,3.2211,0.3299,629.3627,62.4904,0
time,0.1,pick_up_mug_008,pick_up_mug_003,9,0.1056,2.8995,0.0,0.0,715.7155,74.9049,0
time,0.1,pick_up_mug_008,pick_up_mug_004,10,0.1138,2.8874,32.2706,3.0386,1066.4161,128.64,0
time,0.1,pick_up_mug_008,pick_up_mug_005,8,0.1061,2.9003,19.8234,1.9066,1186.2648,169.5773,0
time,0.1,pick_up_mug_008,pick_up_mug_006,7,0.1074,2.9078,31.0951,2.996,612.6467,64.6622,0
time,0.1,pick_up_mug_008,pick_up_mug_007,10,0.1055,2.8965,24.8549,2.3898,202.8028,21.3384,0
time,0.2,pick_up_mug_001,pick_up_mug_002,28,0.2077,2.8023,0.0,0.0,291.5083,31.8199,0
time,0.2,pick_up_mug_001,pick_up_mug_003,25,0.2045,2.8057,39.2545,4.646,319.2892,38.3018,0
time,0.2,pick_up_mug_001,pick_up_mug_004,28,0.2003,2.8047,0.2497,0.0296,691.9397,96.835,0
time,0.2,pick_up_mug_001,pick_up_mug_005,16,0.2095,2.798,17.7909,2.1278,822.7769,125.9818,0
time,0.2,pick_up_mug_001,pick_up_mug_006,18,0.2016,2.8085,16.4474,1.907,222.2243,27.0666,0
time,0.2,pick_up_mug_001,pick_up_mug_007,22,0.2025,2.799,1.1364,0.1327,218.1788,28.8713,0
time,0.2,pick_up_mug_001,pick_up_mug_008,15,0.211,2.7896,2.4555,0.3054,182.5506,19.5352,0
time,0.2,pick_up_mug_002,pick_up_mug_001,14,0.2017,2.8015,18.6403,1.7455,596.8584,55.3831,0
time,0.2,pick_up_mug_002,pick_up_mug_003,33,0.2014,2.8003,0.0,0.0,114.7661,12.63,0
time,0.2,pick_up_mug_002,pick_up_mug_004,35,0.2031,2.8008,19.5115,1.8112,628.6043,66.0147,0
time,0.2,pick_up_mug_002,pick_up_mug_005,20,0.2002,2.8008,6.3394,0.6348,934.8709,104.4824,0
time,0.2,pick_up_mug_002,pick_up_mug_006,25,0.2024,2.8005,45.8442,4.3592,95.4639,8.558,0
time,0.2,pick_up_mug_002,pick_up_mug_007,36,0.2027,2.7994,0.0,0.0,572.9422,54.3083,0
time,0.2,pick_up_mug_002,pick_up_mug_008,14,0.213,2.7943,26.6571,2.5749,636.4442,62.3901,0
time,0.2,pick_up_mug_003,pick_up_mug_001,14,0.2085,2.7961,17.9902,1.6301,704.9152,67.9725,0
time,0.2,pick_up_mug_003,pick_up_mug_002,35,0.2045,2.7972,1.0711,0.0871,120.5291,12.8555,0
time,0.2,pick_up_mug_003,pick_up_mug_004,31,0.2007,2.8019,43.3796,3.9539,536.4623,53.2755,0
time,0.2,pick_up_mug_003,pick_up_mug_005,19,0.2027,2.8032,1.4439,0.1321,856.2577,89.3655,0
time,0.2,pick_up_mug_003,pick_up_mug_006,21,0.2095,2.7933,12.6729,1.168,180.8867,16.833,0
time,0.2,pick_up_mug_003,pick_up_mug_007,29,0.2053,2.7953,0.0155,0.0015,685.4076,66.8608,0
time,0.2,pick_up_mug_003,pick_up_mug_008,16,0.2123,2.7905,18.0602,1.6664,723.5433,72.1585,0
time,0.2,pick_up_mug_004,pick_up_mug_001,15,0.2098,2.799,0.0,0.0,999.9678,117.419,0
time,0.2,pick_up_mug_004,pick_up_mug_002,28,0.2007,2.8032,0.0,0.0,624.4403,66.7002,0
time,0.2,pick_up_mug_004,pick_up_mug_003,28,0.2083,2.7946,0.1076,0.0128,522.9085,54.4078,0
time,0.2,pick_up_mug_004,pick_up_mug_005,18,0.209,2.7953,0.0,0.0,371.0179,35.7902,0
time,0.2,pick_up_mug_004,pick_up_mug_006,17,0.2085,2.7945,5.4808,0.4689,742.9381,82.109,0
time,0.2,pick_up_mug_004,pick_up_mug_007,30,0.2065,2.7972,0.6532,0.0675,1026.8936,120.2879,0
time,0.2,pick_up_mug_004,pick_up_mug_008,13,0.2014,2.8087,29.7599,2.8779,1065.4848,128.5202,0
time,0.2,pick_up_mug_005,pick_up_mug_001,13,0.2013,2.7993,0.9449,0.0899,1063.0717,144.2843,0
time,0.2,pick_up_mug_005,pick_up_mug_002,21,0.211,2.7896,5.8187,0.6731,815.9954,94.52,0
time,0.2,pick_up_mug_005,pick_up_mug_003,21,0.2073,2.8006,4.7336,0.4784,762.3289,86.1525,0
time,0.2,pick_up_mug_005,pick_up_mug_004,28,0.2042,2.8086,0.0,0.0,351.2838,35.2837,0
time,0.2,pick_up_mug_005,pick_up_mug_006,17,0.2098,2.7978,0.8871,0.089,944.0912,119.4456,0
time,0.2,pick_up_mug_005,pick_up_mug_007,21,0.2077,2.7943,3.1796,0.3958,1095.9869,149.1289,0
time,0.2,pick_up_mug_005,pick_up_mug_008,15,0.2007,2.8065,0.0343,0.0054,1106.0178,151.6918,0
time,0.2,pick_up_mug_006,pick_up_mug_001,15,0.2162,2.7844,5.1046,0.5062,534.5761,56.2024,0
time,0.2,pick_up_mug_006,pick_up_mug_002,27,0.2033,2.8005,0.0,0.0,68.8563,4.9759,0
time,0.2,pick_up_mug_006,pick_up_mug_003,22,0.2081,2.8052,30.819,3.0307,86.6711,8.7082,0
time,0.2,pick_up_mug_006,pick_up_mug_004,23,0.2033,2.8007,8.2454,0.7483,606.5955,70.3791,0
time,0.2,pick_up_mug_006,pick_up_mug_005,14,0.2005,2.8077,23.0504,2.2922,879.2532,110.031,0
time,0.2,pick_up_mug_006,pick_up_mug_007,23,0.2007,2.8078,33.3781,3.0705,586.1857,63.3011,0
time,0.2,pick_up_mug_006,pick_up_mug_008,12,0.2041,2.7974,15.4196,1.5704,648.802,72.3849,0
time,0.2,pick_up_mug_007,pick_up_mug_001,12,0.2012,2.8058,0.366,0.0365,36.722,3.9666,0
time,0.2,pick_up_mug_007,pick_up_mug_002,23,0.2068,2.795,0.3787,0.0903,527.8624,53.9355,0
time,0.2,pick_up_mug_007,pick_up_mug_003,27,0.212,2.7881,0.348,0.0373,613.4725,66.6277,0
time,0.2,pick_up_mug_007,pick_up_mug_004,29,0.2008,2.7993,4.6794,0.7847,959.9784,119.8436,0
time,0.2,pick_up_mug_007,pick_up_mug_005,13,0.2069,2.8066,0.0,0.0,1095.0313,160.6024,0
time,0.2,pick_up_mug_007,pick_up_mug_006,22,0.205,2.7958,0.0,0.0,529.416,58.1882,0
time,0.2,pick_up_mug_007,pick_up_mug_008,15,0.2015,2.7985,48.3154,5.1091,244.399,27.4035,0
time,0.2,pick_up_mug_008,pick_up_mug_001,18,0.2016,2.8051,6.0026,0.5129,185.973,13.02,0
time,0.2,pick_up_mug_008,pick_up_mug_002,22,0.2075,2.7956,3.3174,0.3399,629.4076,62.4953,0
time,0.2,pick_up_mug_008,pick_up_mug_003,20,0.2006,2.8045,0.0,0.0,715.7155,74.9049,0
time,0.2,pick_up_mug_008,pick_up_mug_004,22,0.2099,2.7912,32.2836,3.0397,1066.4109,128.6391,0
time,0.2,pick_up_mug_008,pick_up_mug_005,16,0.2044,2.802,16.1008,1.5576,1185.8448,169.2355,0
time,0.2,pick_up_mug_008,pick_up_mug_006,15,0.2059,2.8093,22.2885,2.1442,604.6651,63.8104,0
time,0.2,pick_up_mug_008,pick_up_mug_007,22,0.2029,2.7991,14.484,1.4837,163.685,17.5023,0
time,0.3,pick_up_mug_001,pick_up_mug_002,41,0.304,2.706,0.0,0.0,291.5083,31.8199,0
time,0.3,pick_up_mug_001,pick_up_mug_003,37,0.302,2.7081,39.2545,4.646,319.2892,38.3018,0
time,0.3,pick_up_mug_001,pick_up_mug_004,41,0.3016,2.7035,0.2497,0.0296,691.9397,96.835,0
time,0.3,pick_up_mug_001,pick_up_mug_005,24,0.3109,2.6966,17.7909,2.1278,822.7769,125.9818,0
time,0.3,pick_up_mug_001,pick_up_mug_006,28,0.3066,2.7036,16.4474,1.907,222.2243,27.0666,0
time,0.3,pick_up_mug_001,pick_up_mug_007,34,0.302,2.6995,1.1364,0.1327,218.1788,28.8713,0
time,0.3,pick_up_mug_001,pick_up_mug_008,23,0.3142,2.6864,2.4555,0.3054,182.5506,19.5352,0
time,0.3,pick_up_mug_002,pick_up_mug_001,21,0.3029,2.7003,18.6403,1.7455,596.8584,55.3831,0
time,0.3,pick_up_mug_002,pick_up_mug_003,49,0.3092,2.6924,0.0,0.0,114.7661,12.63,0
time,0.3,pick_up_mug_002,pick_up_mug_004,51,0.3062,2.6977,19.5115,1.8112,628.6043,66.0147,0
time,0.3,pick_up_mug_002,pick_up_mug_005,28,0.3024,2.6987,6.3394,0.6348,934.8709,104.4824,0
time,0.3,pick_up_mug_002,pick_up_mug_006,40,0.3095,2.6934,45.8442,4.3592,95.4639,8.558,0
time,0.3,pick_up_mug_002,pick_up_mug_007,54,0.3018,2.7003,0.0,0.0,572.9422,54.3083,0
time,0.3,pick_up_mug_002,pick_up_mug_008,22,0.3162,2.6911,26.7588,2.5856,636.5292,62.3995,0
time,0.3,pick_up_mug_003,pick_up_mug_001,21,0.314,2.6906,17.9902,1.6301,704.9152,67.9725,0
time,0.3,pick_up_mug_003,pick_up_mug_002,52,0.3013,2.7004,1.0711,0.0871,120.5291,12.8555,0
time,0.3,pick_up_mug_003,pick_up_mug_004,47,0.3055,2.6971,43.3796,3.9539,536.4623,53.2755,0
time,0.3,pick_up_mug_003,pick_up_mug_005,29,0.3072,2.6986,0.0,0.0,857.2575,89.4948,0
time,0.3,pick_up_mug_003,pick_up_mug_006,30,0.3023,2.7005,12.6729,1.168,180.8867,16.833,0
time,0.3,pick_up_mug_003,pick_up_mug_007,43,0.3056,2.695,0.0,0.0,685.4008,66.8602,0
time,0.3,pick_up_mug_003,pick_up_mug_008,23,0.3117,2.6912,18.0602,1.6664,723.5433,72.1585,0
time,0.3,pick_up_mug_004,pick_up_mug_001,22,0.3081,2.7007,0.0,0.0,999.9678,117.419,0
time,0.3,pick_up_mug_004,pick_up_mug_002,43,0.3046,2.6994,0.0,0.0,624.4403,66.7002,0
time,0.3,pick_up_mug_004,pick_up_mug_003,42,0.3045,2.6984,0.1076,0.0128,522.9085,54.4078,0
time,0.3,pick_up_mug_004,pick_up_mug_005,28,0.3115,2.6927,0.0,0.0,371.0179,35.7902,0
time,0.3,pick_up_mug_004,pick_up_mug_006,25,0.3097,2.6934,5.4808,0.4689,742.9381,82.109,0
time,0.3,pick_up_mug_004,pick_up_mug_007,45,0.303,2.7007,0.6532,0.0675,1026.8936,120.2879,0
time,0.3,pick_up_mug_004,pick_up_mug_008,23,0.3109,2.6992,29.7584,2.8777,1065.4845,128.5199,0
time,0.3,pick_up_mug_005,pick_up_mug_001,21,0.3137,2.6869,0.9449,0.0899,1063.0717,144.2843,0
time,0.3,pick_up_mug_005,pick_up_mug_002,30,0.3018,2.6989,5.8187,0.6731,815.9954,94.52,0
time,0.3,pick_up_mug_005,pick_up_mug_003,31,0.3016,2.7062,4.7336,0.4784,762.3289,86.1525,0
time,0.3,pick_up_mug_005,pick_up_mug_004,42,0.3055,2.7073,0.0,0.0,351.2838,35.2837,0
time,0.3,pick_up_mug_005,pick_up_mug_006,24,0.3024,2.7052,0.8871,0.089,944.0912,119.4456,0
time,0.3,pick_up_mug_005,pick_up_mug_007,31,0.3039,2.6981,3.1796,0.3958,1095.9869,149.1289,0
time,0.3,pick_up_mug_005,pick_up_mug_008,24,0.3066,2.7006,0.0279,0.0045,1106.0169,151.6915,0
time,0.3,pick_up_mug_006,pick_up_mug_001,22,0.3114,2.6892,1.9497,0.1963,537.1623,56.4967,0
time,0.3,pick_up_mug_006,pick_up_mug_002,39,0.3022,2.7016,0.0,0.0,68.8563,4.9759,0
time,0.3,pick_up_mug_006,pick_up_mug_003,33,0.3064,2.7069,27.5745,2.7024,89.385,9.034,0
time,0.3,pick_up_mug_006,pick_up_mug_004,33,0.3022,2.7017,8.2454,0.7483,606.5955,70.3791,0
time,0.3,pick_up_mug_006,pick_up_mug_005,23,0.3093,2.6989,23.0888,2.2943,879.2431,110.0287,0
time,0.3,pick_up_mug_006,pick_up_mug_007,37,0.3045,2.7039,33.3781,3.0705,586.1857,63.3011,0
time,0.3,pick_up_mug_006,pick_up_mug_008,19,0.314,2.6875,14.3779,1.5259,648.224,72.3138,0
time,0.3,pick_up_mug_007,pick_up_mug_001,19,0.3143,2.6927,0.288,0.0345,36.7929,3.9697,0
time,0.3,pick_up_mug_007,pick_up_mug_002,34,0.3047,2.6972,0.3787,0.0903,527.8624,53.9355,0
time,0.3,pick_up_mug_007,pick_up_mug_003,39,0.3015,2.6986,0.0445,0.0073,613.5919,66.641,0
time,0.3,pick_up_mug_007,pick_up_mug_004,44,0.3033,2.6968,4.6794,0.7847,959.9784,119.8436,0
time,0.3,pick_up_mug_007,pick_up_mug_005,22,0.3072,2.7063,0.0,0.0,1095.0313,160.6024,0
time,0.3,pick_up_mug_007,pick_up_mug_006,33,0.303,2.6978,0.0,0.0,529.416,58.1882,0
time,0.3,pick_up_mug_007,pick_up_mug_008,25,0.3061,2.6939,48.0583,5.0831,244.6485,27.4308,0
time,0.3,pick_up_mug_008,pick_up_mug_001,28,0.3046,2.7021,6.0026,0.5129,185.973,13.02,0
time,0.3,pick_up_mug_008,pick_up_mug_002,32,0.3049,2.6983,3.2335,0.3309,629.3691,62.4909,0
time,0.3,pick_up_mug_008,pick_up_mug_003,32,0.3103,2.6948,0.0,0.0,715.7155,74.9049,0
time,0.3,pick_up_mug_008,pick_up_mug_004,31,0.3004,2.7008,32.2836,3.0397,1066.4109,128.6391,0
time,0.3,pick_up_mug_008,pick_up_mug_005,24,0.3057,2.7007,16.1008,1.5576,1185.8448,169.2355,0
time,0.3,pick_up_mug_008,pick_up_mug_006,25,0.3102,2.705,22.2885,2.1442,604.6651,63.8104,0
time,0.3,pick_up_mug_008,pick_up_mug_007,32,0.302,2.7,0.0,0.0,178.1164,18.9693,0
time,0.5,pick_up_mug_001,pick_up_mug_002,67,0.504,2.506,0.0,0.0,291.5083,31.8199,0
time,0.5,pick_up_mug_001,pick_up_mug_003,62,0.5091,2.5011,39.3136,4.6521,319.244,38.296,0
time,0.5,pick_up_mug_001,pick_up_mug_004,67,0.504,2.5011,0.2497,0.0296,691.9397,96.835,0
time,0.5,pick_up_mug_001,pick_up_mug_005,38,0.5044,2.5031,13.7994,1.6509,824.4653,126.4546,0
time,0.5,pick_up_mug_001,pick_up_mug_006,46,0.5067,2.5035,16.4474,1.907,222.2243,27.0666,0
time,0.5,pick_up_mug_001,pick_up_mug_007,56,0.5052,2.4963,1.1364,0.1327,218.1788,28.8713,0
time,0.5,pick_up_mug_001,pick_up_mug_008,37,0.5014,2.4992,0.0,0.0,180.3799,19.248,0
time,0.5,pick_up_mug_002,pick_up_mug_001,35,0.5051,2.498,18.6403,1.7455,596.8584,55.3831,0
time,0.5,pick_up_mug_002,pick_up_mug_003,84,0.5032,2.4985,0.0,0.0,114.7661,12.63,0
time,0.5,pick_up_mug_002,pick_up_mug_004,87,0.5038,2.5001,19.5115,1.8112,628.6043,66.0147,0
time,0.5,pick_up_mug_002,pick_up_mug_005,46,0.5009,2.5001,6.3394,0.6348,934.8709,104.4824,0
time,0.5,pick_up_mug_002,pick_up_mug_006,66,0.5029,2.5,45.8442,4.3592,95.4639,8.558,0
time,0.5,pick_up_mug_002,pick_up_mug_007,89,0.5057,2.4965,0.0,0.0,572.9422,54.3083,0
time,0.5,pick_up_mug_002,pick_up_mug_008,35,0.5098,2.4975,26.7627,2.586,636.5324,62.3998,0
time,0.5,pick_up_mug_003,pick_up_mug_001,34,0.5009,2.5037,17.9902,1.6301,704.9152,67.9725,0
time,0.5,pick_up_mug_003,pick_up_mug_002,89,0.5035,2.4982,0.0,0.0,120.6554,12.8697,0
time,0.5,pick_up_mug_003,pick_up_mug_004,79,0.5064,2.4962,43.3798,3.954,536.4622,53.2755,0
time,0.5,pick_up_mug_003,pick_up_mug_005,49,0.5022,2.5037,0.0,0.0,857.2575,89.4948,0
time,0.5,pick_up_mug_003,pick_up_mug_006,53,0.5041,2.4987,12.6729,1.168,180.8867,16.833,0
time,0.5,pick_up_mug_003,pick_up_mug_007,73,0.5035,2.4971,0.0,0.0,685.4008,66.8602,0
time,0.5,pick_up_mug_003,pick_up_mug_008,37,0.5051,2.4978,18.0602,1.6664,723.5433,72.1585,0
time,0.5,pick_up_mug_004,pick_up_mug_001,37,0.5062,2.5027,0.0,0.0,999.9678,117.419,0
time,0.5,pick_up_mug_004,pick_up_mug_002,73,0.5059,2.498,0.0,0.0,624.4403,66.7002,0
time,0.5,pick_up_mug_004,pick_up_mug_003,72,0.5044,2.4985,0.1076,0.0128,522.9085,54.4078,0
time,0.5,pick_up_mug_004,pick_up_mug_005,45,0.5093,2.4949,0.0,0.0,371.0179,35.7902,0
time,0.5,pick_up_mug_004,pick_up_mug_006,41,0.5018,2.5012,5.4808,0.4689,742.9381,82.109,0
time,0.5,pick_up_mug_004,pick_up_mug_007,72,0.5013,2.5024,1.3395,0.1299,1027.8168,120.4787,0
time,0.5,pick_up_mug_004,pick_up_mug_008,39,0.5133,2.4968,29.7627,2.8781,1065.4867,128.5203,0
time,0.5,pick_up_mug_005,pick_up_mug_001,34,0.5113,2.4893,0.9421,0.0896,1063.0727,144.2846,0
time,0.5,pick_up_mug_005,pick_up_mug_002,50,0.5056,2.4951,5.8187,0.6731,815.9954,94.52,0
time,0.5,pick_up_mug_005,pick_up_mug_003,51,0.504,2.5038,0.6483,0.0647,765.2278,86.5572,0
time,0.5,pick_up_mug_005,pick_up_mug_004,70,0.5039,2.5089,0.0,0.0,351.2838,35.2837,0
time,0.5,pick_up_mug_005,pick_up_mug_006,41,0.5144,2.4932,0.8871,0.089,944.0912,119.4456,0
time,0.5,pick_up_mug_005,pick_up_mug_007,53,0.5101,2.4919,0.0,0.0,1095.277,148.8504,0
time,0.5,pick_up_mug_005,pick_up_mug_008,39,0.5025,2.5047,0.0279,0.0045,1106.0169,151.6915,0
time,0.5,pick_up_mug_006,pick_up_mug_001,36,0.5062,2.4944,1.9497,0.1963,537.1623,56.4967,0
time,0.5,pick_up_mug_006,pick_up_mug_002,61,0.507,2.4968,0.0,0.0,68.8563,4.9759,0
time,0.5,pick_up_mug_006,pick_up_mug_003,54,0.5117,2.5016,26.3594,2.5807,90.3926,9.1545,0
time,0.5,pick_up_mug_006,pick_up_mug_004,55,0.5034,2.5006,8.2781,0.7514,606.5759,70.3768,0
time,0.5,pick_up_mug_006,pick_up_mug_005,38,0.5058,2.5024,23.0888,2.2943,879.2431,110.0287,0
time,0.5,pick_up_mug_006,pick_up_mug_007,61,0.5068,2.5016,34.3048,3.1571,586.6049,63.3687,0
time,0.5,pick_up_mug_006,pick_up_mug_008,30,0.5037,2.4977,14.3779,1.5259,648.224,72.3138,0
time,0.5,pick_up_mug_007,pick_up_mug_001,31,0.5122,2.4948,0.288,0.0345,36.7929,3.9697,0
time,0.5,pick_up_mug_007,pick_up_mug_002,59,0.5023,2.4995,0.3787,0.0903,527.8624,53.9355,0
time,0.5,pick_up_mug_007,pick_up_mug_003,66,0.5055,2.4946,0.1265,0.0154,613.5604,66.6374,0
time,0.5,pick_up_mug_007,pick_up_mug_004,78,0.5025,2.4976,4.6794,0.7847,959.9784,119.8436,0
time,0.5,pick_up_mug_007,pick_up_mug_005,37,0.5071,2.5064,0.0,0.0,1095.0313,160.6024,0
time,0.5,pick_up_mug_007,pick_up_mug_006,59,0.5042,2.4966,0.0,0.0,529.416,58.1882,0
time,0.5,pick_up_mug_007,pick_up_mug_008,41,0.5057,2.4944,47.9951,5.0761,244.4362,27.4149,0
time,0.5,pick_up_mug_008,pick_up_mug_001,46,0.513,2.4937,6.0026,0.5129,185.973,13.02,0
time,0.5,pick_up_mug_008,pick_up_mug_002,57,0.5042,2.499,3.9394,0.3988,629.6656,62.5227,0
time,0.5,pick_up_mug_008,pick_up_mug_003,56,0.5055,2.4996,0.0,0.0,715.7155,74.9049,0
time,0.5,pick_up_mug_008,pick_up_mug_004,54,0.5024,2.4987,32.2836,3.0397,1066.4109,128.6391,0
time,0.5,pick_up_mug_008,pick_up_mug_005,41,0.5108,2.4957,9.3037,0.9075,1185.0361,168.5865,0
time,0.5,pick_up_mug_008,pick_up_mug_006,41,0.5083,2.5069,18.9465,1.8209,601.6363,63.4874,0
time,0.5,pick_up_mug_008,pick_up_mug_007,53,0.5068,2.4952,0.0,0.0,178.1164,18.9693,0
time,0.75,pick_up_mug_001,pick_up_mug_002,100,0.7575,2.2526,0.0,0.0,291.5083,31.8199,0
time,0.75,pick_up_mug_001,pick_up_mug_003,92,0.7566,2.2536,39.3136,4.6521,319.244,38.296,0
time,0.75,pick_up_mug_001,pick_up_mug_004,101,0.7624,2.2426,0.2497,0.0296,691.9397,96.835,0
time,0.75,pick_up_mug_001,pick_up_mug_005,56,0.7514,2.2561,6.8915,0.8257,827.3678,127.2754,0
time,0.75,pick_up_mug_001,pick_up_mug_006,69,0.751,2.2591,13.0457,1.4809,218.5291,26.6178,0
time,0.75,pick_up_mug_001,pick_up_mug_007,85,0.7528,2.2488,0.2809,0.0365,217.4392,28.7756,0
time,0.75,pick_up_mug_001,pick_up_mug_008,55,0.7505,2.2501,0.0,0.0,180.3799,19.248,0
time,0.75,pick_up_mug_002,pick_up_mug_001,53,0.7564,2.2467,18.6403,1.7455,596.8584,55.3831,0
time,0.75,pick_up_mug_002,pick_up_mug_003,122,0.7527,2.249,0.0,0.0,114.7661,12.63,0
time,0.75,pick_up_mug_002,pick_up_mug_004,127,0.7501,2.2538,19.5115,1.8112,628.6043,66.0147,0
time,0.75,pick_up_mug_002,pick_up_mug_005,72,0.753,2.248,6.3394,0.6348,934.8709,104.4824,0
time,0.75,pick_up_mug_002,pick_up_mug_006,96,0.7523,2.2506,37.2726,3.5435,88.7483,7.7808,0
time,0.75,pick_up_mug_002,pick_up_mug_007,129,0.7529,2.2492,0.0,0.0,572.9422,54.3083,0
time,0.75,pick_up_mug_002,pick_up_mug_008,51,0.7592,2.2481,0.0,0.0,614.1885,59.8316,0
time,0.75,pick_up_mug_003,pick_up_mug_001,51,0.7541,2.2505,17.9902,1.6301,704.9152,67.9725,0
time,0.75,pick_up_mug_003,pick_up_mug_002,131,0.753,2.2486,0.0,0.0,120.6554,12.8697,0
time,0.75,pick_up_mug_003,pick_up_mug_004,115,0.7509,2.2517,43.3798,3.954,536.4622,53.2755,0
time,0.75,pick_up_mug_003,pick_up_mug_005,74,0.761,2.2448,0.0,0.0,857.2575,89.4948,0
time,0.75,pick_up_mug_003,pick_up_mug_006,79,0.7504,2.2524,0.0,0.0,168.3141,15.668,0
time,0.75,pick_up_mug_003,pick_up_mug_007,110,0.7547,2.2458,0.0,0.0,685.4008,66.8602,0
time,0.75,pick_up_mug_003,pick_up_mug_008,53,0.7622,2.2406,18.0602,1.6664,723.5433,72.1585,0
time,0.75,pick_up_mug_004,pick_up_mug_001,55,0.7595,2.2494,0.0,0.0,999.9678,117.419,0
time,0.75,pick_up_mug_004,pick_up_mug_002,109,0.7516,2.2524,0.0,0.0,624.4403,66.7002,0
time,0.75,pick_up_mug_004,pick_up_mug_003,109,0.7565,2.2464,0.1076,0.0128,522.9085,54.4078,0
time,0.75,pick_up_mug_004,pick_up_mug_005,70,0.7547,2.2496,0.0,0.0,371.0179,35.7902,0
time,0.75,pick_up_mug_004,pick_up_mug_006,62,0.7559,2.2471,0.0,0.0,746.4153,82.5348,0
time,0.75,pick_up_mug_004,pick_up_mug_007,107,0.7513,2.2524,1.3395,0.1299,1027.8168,120.4787,0
time,0.75,pick_up_mug_004,pick_up_mug_008,58,0.7668,2.2433,0.0,0.0,1052.6756,125.6478,0
time,0.75,pick_up_mug_005,pick_up_mug_001,50,0.7538,2.2468,0.9421,0.0896,1063.0727,144.2846,0
time,0.75,pick_up_mug_005,pick_up_mug_002,75,0.7514,2.2493,5.8187,0.6731,815.9954,94.52,0
time,0.75,pick_up_mug_005,pick_up_mug_003,78,0.7566,2.2513,0.6483,0.0647,765.2278,86.5572,0
time,0.75,pick_up_mug_005,pick_up_mug_004,105,0.7513,2.2615,0.0,0.0,351.2838,35.2837,0
time,0.75,pick_up_mug_005,pick_up_mug_006,59,0.7629,2.2447,0.8871,0.089,944.0912,119.4456,0
time,0.75,pick_up_mug_005,pick_up_mug_007,79,0.7616,2.2404,0.0,0.0,1095.277,148.8504,0
time,0.75,pick_up_mug_005,pick_up_mug_008,57,0.7589,2.2483,0.0279,0.0045,1106.0169,151.6915,0
time,0.75,pick_up_mug_006,pick_up_mug_001,54,0.7625,2.2381,1.0626,0.1067,537.9106,56.5831,0
time,0.75,pick_up_mug_006,pick_up_mug_002,90,0.7568,2.247,0.0,0.0,68.8563,4.9759,0
time,0.75,pick_up_mug_006,pick_up_mug_003,79,0.7567,2.2566,22.7714,2.2223,93.3821,9.5114,0
time,0.75,pick_up_mug_006,pick_up_mug_004,82,0.7525,2.2514,8.2781,0.7514,606.5759,70.3768,0
time,0.75,pick_up_mug_006,pick_up_mug_005,59,0.7603,2.2479,0.0,0.0,866.5167,107.799,0
time,0.75,pick_up_mug_006,pick_up_mug_007,94,0.7549,2.2536,34.3048,3.1571,586.6049,63.3687,0
time,0.75,pick_up_mug_006,pick_up_mug_008,46,0.7641,2.2373,14.3684,1.5254,648.2178,72.3128,0
time,0.75,pick_up_mug_007,pick_up_mug_001,46,0.7507,2.2564,0.288,0.0345,36.7929,3.9697,0
time,0.75,pick_up_mug_007,pick_up_mug_002,92,0.7559,2.2459,0.3787,0.0903,527.8624,53.9355,0
time,0.75,pick_up_mug_007,pick_up_mug_003,101,0.7571,2.243,0.1265,0.0154,613.5604,66.6374,0
time,0.75,pick_up_mug_007,pick_up_mug_004,119,0.753,2.2471,4.9777,0.719,959.7093,119.799,0
time,0.75,pick_up_mug_007,pick_up_mug_005,59,0.7558,2.2578,0.0,0.0,1095.0313,160.6024,0
time,0.75,pick_up_mug_007,pick_up_mug_006,89,0.7511,2.2497,0.0,0.0,529.416,58.1882,0
time,0.75,pick_up_mug_007,pick_up_mug_008,62,0.7549,2.2452,47.9951,5.0761,244.4362,27.4149,0
time,0.75,pick_up_mug_008,pick_up_mug_001,71,0.7585,2.2482,5.9858,0.5109,185.9409,13.017,0
time,0.75,pick_up_mug_008,pick_up_mug_002,88,0.7559,2.2473,0.0,0.0,626.9477,62.2225,0
time,0.75,pick_up_mug_008,pick_up_mug_003,87,0.7546,2.2505,0.0,0.0,715.7155,74.9049,0
time,0.75,pick_up_mug_008,pick_up_mug_004,87,0.7548,2.2463,32.1916,3.0323,1066.4406,128.6456,0
time,0.75,pick_up_mug_008,pick_up_mug_005,61,0.7571,2.2493,9.3037,0.9075,1185.0361,168.5865,0
time,0.75,pick_up_mug_008,pick_up_mug_006,63,0.7528,2.2624,18.7952,1.8063,601.5013,63.4727,0
time,0.75,pick_up_mug_008,pick_up_mug_007,80,0.7508,2.2512,0.0,0.0,178.1164,18.9693,0
time,1.0,pick_up_mug_001,pick_up_mug_002,132,1.0013,2.0088,0.0,0.0,291.5083,31.8199,0
time,1.0,pick_up_mug_001,pick_up_mug_003,122,1.0061,2.0041,39.3136,4.6521,319.244,38.296,0
time,1.0,pick_up_mug_001,pick_up_mug_004,133,1.0031,2.002,0.0,0.0,691.7888,96.8064,0
time,1.0,pick_up_mug_001,pick_up_mug_005,76,1.0136,1.9939,6.8915,0.8257,827.3678,127.2754,0
time,1.0,pick_up_mug_001,pick_up_mug_006,93,1.0026,2.0076,13.0457,1.4809,218.5291,26.6178,0
time,1.0,pick_up_mug_001,pick_up_mug_007,111,1.0001,2.0014,0.2809,0.0365,217.4392,28.7756,0
time,1.0,pick_up_mug_001,pick_up_mug_008,73,1.0094,1.9912,0.0,0.0,180.3799,19.248,0
time,1.0,pick_up_mug_002,pick_up_mug_001,71,1.01,1.9932,0.0,0.0,613.3605,57.1105,0
time,1.0,pick_up_mug_002,pick_up_mug_003,166,1.0049,1.9967,0.0,0.0,114.7661,12.63,0
time,1.0,pick_up_mug_002,pick_up_mug_004,173,1.0031,2.0008,19.5115,1.8112,628.6043,66.0147,0
time,1.0,pick_up_mug_002,pick_up_mug_005,96,1.0035,1.9975,6.3394,0.6348,934.8709,104.4824,0
time,1.0,pick_up_mug_002,pick_up_mug_006,126,1.0065,1.9964,37.2726,3.5435,88.7483,7.7808,0
time,1.0,pick_up_mug_002,pick_up_mug_007,174,1.0064,1.9958,0.0,0.0,572.9422,54.3083,0
time,1.0,pick_up_mug_002,pick_up_mug_008,67,1.0015,2.0058,0.0,0.0,614.1885,59.8316,0
time,1.0,pick_up_mug_003,pick_up_mug_001,68,1.0041,2.0005,17.9902,1.6301,704.9152,67.9725,0
time,1.0,pick_up_mug_003,pick_up_mug_002,176,1.0011,2.0006,0.0,0.0,120.6554,12.8697,0
time,1.0,pick_up_mug_003,pick_up_mug_004,155,1.0051,1.9975,0.0,0.0,573.631,57.1623,0
time,1.0,pick_up_mug_003,pick_up_mug_005,97,1.0007,2.0052,0.0,0.0,857.2575,89.4948,0
time,1.0,pick_up_mug_003,pick_up_mug_006,107,1.0069,1.9959,0.0,0.0,168.3141,15.668,0
time,1.0,pick_up_mug_003,pick_up_mug_007,148,1.0139,1.9867,0.0,0.0,685.4008,66.8602,0
time,1.0,pick_up_mug_003,pick_up_mug_008,69,1.0073,1.9955,18.0602,1.6664,723.5433,72.1585,0
time,1.0,pick_up_mug_004,pick_up_mug_001,73,1.0081,2.0008,0.0,0.0,999.9678,117.419,0
time,1.0,pick_up_mug_004,pick_up_mug_002,145,1.0012,2.0028,0.0,0.0,624.4403,66.7002,0
time,1.0,pick_up_mug_004,pick_up_mug_003,146,1.0022,2.0007,0.1076,0.0128,522.9085,54.4078,0
time,1.0,pick_up_mug_004,pick_up_mug_005,93,1.0011,2.0031,0.0,0.0,371.0179,35.7902,0
time,1.0,pick_up_mug_004,pick_up_mug_006,84,1.01,1.993,0.0,0.0,746.4153,82.5348,0
time,1.0,pick_up_mug_004,pick_up_mug_007,141,1.0017,2.002,1.3395,0.1299,1027.8168,120.4787,0
time,1.0,pick_up_mug_004,pick_up_mug_008,79,1.0125,1.9976,0.0,0.0,1052.6756,125.6478,0
time,1.0,pick_up_mug_005,pick_up_mug_001,67,1.0142,1.9864,0.9503,0.0903,1063.0705,144.284,0
time,1.0,pick_up_mug_005,pick_up_mug_002,103,1.0003,2.0003,17.1433,1.8,823.8124,95.7278,0
time,1.0,pick_up_mug_005,pick_up_mug_003,106,1.0071,2.0007,0.6483,0.0647,765.2278,86.5572,0
time,1.0,pick_up_mug_005,pick_up_mug_004,141,1.0069,2.0059,0.0,0.0,351.2838,35.2837,0
time,1.0,pick_up_mug_005,pick_up_mug_006,78,1.0116,1.9961,0.0324,0.0054,944.5477,119.5321,0
time,1.0,pick_up_mug_005,pick_up_mug_007,108,1.0023,1.9997,0.0,0.0,1095.277,148.8504,0
time,1.0,pick_up_mug_005,pick_up_mug_008,75,1.0077,1.9995,0.0031,0.0003,1106.0121,151.6896,0
time,1.0,pick_up_mug_006,pick_up_mug_001,70,1.002,1.9986,0.7482,0.0754,538.1815,56.6145,0
time,1.0,pick_up_mug_006,pick_up_mug_002,114,1.0009,2.003,0.0,0.0,68.8563,4.9759,0
time,1.0,pick_up_mug_006,pick_up_mug_003,104,1.0004,2.0128,0.0,0.0,112.4977,11.7321,0
time,1.0,pick_up_mug_006,pick_up_mug_004,109,1.0103,1.9937,5.7056,0.5128,608.287,70.5924,0
time,1.0,pick_up_mug_006,pick_up_mug_005,78,1.0005,2.0077,0.0,0.0,866.5167,107.799,0
time,1.0,pick_up_mug_006,pick_up_mug_007,121,1.0044,2.0041,34.8839,3.2085,586.7874,63.3984,0
time,1.0,pick_up_mug_006,pick_up_mug_008,60,1.0088,1.9926,14.3684,1.5254,648.2178,72.3128,0
time,1.0,pick_up_mug_007,pick_up_mug_001,62,1.0157,1.9914,0.0,0.0,36.9284,3.948,0
time,1.0,pick_up_mug_007,pick_up_mug_002,119,1.0037,1.9981,0.0,0.0,527.539,53.896,0
time,1.0,pick_up_mug_007,pick_up_mug_003,130,1.0041,1.9961,0.1265,0.0154,613.5604,66.6374,0
time,1.0,pick_up_mug_007,pick_up_mug_004,159,1.0038,1.9963,4.9777,0.719,959.7093,119.799,0
time,1.0,pick_up_mug_007,pick_up_mug_005,80,1.0118,2.0017,0.0,0.0,1095.0313,160.6024,0
time,1.0,pick_up_mug_007,pick_up_mug_006,117,1.0095,1.9913,0.0,0.0,529.416,58.1882,0
time,1.0,pick_up_mug_007,pick_up_mug_008,85,1.0038,1.9963,47.9951,5.0761,244.4362,27.4149,0
time,1.0,pick_up_mug_008,pick_up_mug_001,94,1.0054,2.0013,5.9858,0.5109,185.9409,13.017,0
time,1.0,pick_up_mug_008,pick_up_mug_002,115,1.003,2.0001,0.0,0.0,626.9477,62.2225,0
time,1.0,pick_up_mug_008,pick_up_mug_003,112,1.0081,1.997,0.0,0.0,715.7155,74.9049,0
time,1.0,pick_up_mug_008,pick_up_mug_004,116,1.0119,1.9893,32.1704,3.0305,1066.4486,128.6472,0
time,1.0,pick_up_mug_008,pick_up_mug_005,84,1.0117,1.9947,9.3037,0.9075,1185.0361,168.5865,0
time,1.0,pick_up_mug_008,pick_up_mug_006,87,1.0019,2.0133,13.827,1.3355,597.0854,63.0086,0
time,1.0,pick_up_mug_008,pick_up_mug_007,103,1.001,2.001,0.0,0.0,178.1164,18.9693,0
time,1.5,pick_up_mug_001,pick_up_mug_002,198,1.5043,1.5057,0.0,0.0,291.5083,31.8199,0
time,1.5,pick_up_mug_001,pick_up_mug_003,184,1.5032,1.5069,39.3154,4.6519,319.2419,38.2962,0
time,1.5,pick_up_mug_001,pick_up_mug_004,198,1.5064,1.4986,0.0,0.0,691.7888,96.8064,0
time,1.5,pick_up_mug_001,pick_up_mug_005,113,1.503,1.5045,6.8915,0.8257,827.3678,127.2754,0
time,1.5,pick_up_mug_001,pick_up_mug_006,142,1.5023,1.5079,7.5733,0.8628,200.4134,24.4576,0
time,1.5,pick_up_mug_001,pick_up_mug_007,168,1.5037,1.4979,0.2809,0.0365,217.4392,28.7756,0
time,1.5,pick_up_mug_001,pick_up_mug_008,108,1.508,1.4926,0.0,0.0,180.3799,19.248,0
time,1.5,pick_up_mug_002,pick_up_mug_001,106,1.5133,1.4898,0.0,0.0,613.3605,57.1105,0
time,1.5,pick_up_mug_002,pick_up_mug_003,251,1.5033,1.4984,0.0,0.0,114.7661,12.63,0
time,1.5,pick_up_mug_002,pick_up_mug_004,258,1.5017,1.5022,19.5115,1.8112,628.6043,66.0147,0
time,1.5,pick_up_mug_002,pick_up_mug_005,144,1.5105,1.4905,17.2205,1.6512,941.7647,105.5268,0
time,1.5,pick_up_mug_002,pick_up_mug_006,193,1.5043,1.4986,0.0,0.0,65.6466,4.5446,0
time,1.5,pick_up_mug_002,pick_up_mug_007,261,1.5042,1.498,0.0,0.0,572.9422,54.3083,0
time,1.5,pick_up_mug_002,pick_up_mug_008,102,1.5104,1.4969,0.0,0.0,614.1885,59.8316,0
time,1.5,pick_up_mug_003,pick_up_mug_001,102,1.5124,1.4922,17.5112,1.5852,705.3326,68.0179,0
time,1.5,pick_up_mug_003,pick_up_mug_002,265,1.5044,1.4973,0.0,0.0,120.6554,12.8697,0
time,1.5,pick_up_mug_003,pick_up_mug_004,233,1.5082,1.4944,0.0,0.0,573.631,57.1623,0
time,1.5,pick_up_mug_003,pick_up_mug_005,146,1.5062,1.4996,0.0,0.0,857.2575,89.4948,0
time,1.5,pick_up_mug_003,pick_up_mug_006,165,1.5029,1.4999,0.0,0.0,168.3141,15.668,0
time,1.5,pick_up_mug_003,pick_up_mug_007,224,1.5014,1.4992,0.0,0.0,685.4008,66.8602,0
time,1.5,pick_up_mug_003,pick_up_mug_008,102,1.5008,1.502,18.0602,1.6664,723.5433,72.1585,0
time,1.5,pick_up_mug_004,pick_up_mug_001,108,1.5008,1.5081,0.0,0.0,999.9678,117.419,0
time,1.5,pick_up_mug_004,pick_up_mug_002,220,1.5024,1.5015,0.0,0.0,624.4403,66.7002,0
time,1.5,pick_up_mug_004,pick_up_mug_003,222,1.5034,1.4995,0.1076,0.0128,522.9085,54.4078,0
time,1.5,pick_up_mug_004,pick_up_mug_005,138,1.5116,1.4926,0.0,0.0,371.0179,35.7902,0
time,1.5,pick_up_mug_004,pick_up_mug_006,124,1.5044,1.4987,0.0,0.0,746.4153,82.5348,0
time,1.5,pick_up_mug_004,pick_up_mug_007,219,1.5007,1.503,1.3395,0.1299,1027.8168,120.4787,0
time,1.5,pick_up_mug_004,pick_up_mug_008,115,1.5046,1.5055,0.0,0.0,1052.6756,125.6478,0
time,1.5,pick_up_mug_005,pick_up_mug_001,99,1.5016,1.4989,0.0,0.0,1063.3568,144.3713,0
time,1.5,pick_up_mug_005,pick_up_mug_002,157,1.5047,1.4959,0.0,0.0,812.7315,93.9982,0
time,1.5,pick_up_mug_005,pick_up_mug_003,160,1.5043,1.5035,0.6483,0.0647,765.2278,86.5572,0
time,1.5,pick_up_mug_005,pick_up_mug_004,212,1.5026,1.5102,0.0,0.0,351.2838,35.2837,0
time,1.5,pick_up_mug_005,pick_up_mug_006,115,1.5036,1.504,0.0324,0.0054,944.5477,119.5321,0
time,1.5,pick_up_mug_005,pick_up_mug_007,162,1.5011,1.5009,0.0,0.0,1095.277,148.8504,0
time,1.5,pick_up_mug_005,pick_up_mug_008,110,1.509,1.4982,0.0031,0.0003,1106.0121,151.6896,0
time,1.5,pick_up_mug_006,pick_up_mug_001,105,1.5106,1.49,5.9937,0.5825,543.6628,57.2412,0
time,1.5,pick_up_mug_006,pick_up_mug_002,171,1.5027,1.5011,0.0,0.0,68.8563,4.9759,0
time,1.5,pick_up_mug_006,pick_up_mug_003,154,1.5039,1.5094,0.0,0.0,112.4977,11.7321,0
time,1.5,pick_up_mug_006,pick_up_mug_004,163,1.5089,1.4951,2.8934,0.2421,610.3903,70.8621,0
time,1.5,pick_up_mug_006,pick_up_mug_005,117,1.5127,1.4955,0.0,0.0,866.5167,107.799,0
time,1.5,pick_up_mug_006,pick_up_mug_007,182,1.5035,1.505,34.8839,3.2085,586.7874,63.3984,0
time,1.5,pick_up_mug_006,pick_up_mug_008,90,1.5094,1.492,14.3684,1.5254,648.2178,72.3128,0
time,1.5,pick_up_mug_007,pick_up_mug_001,92,1.503,1.5041,0.0,0.0,36.9284,3.948,0
time,1.5,pick_up_mug_007,pick_up_mug_002,182,1.5047,1.4971,0.0,0.0,527.539,53.896,0
time,1.5,pick_up_mug_007,pick_up_mug_003,203,1.5161,1.484,0.1079,0.0134,613.5679,66.6383,0
time,1.5,pick_up_mug_007,pick_up_mug_004,237,1.5036,1.4965,4.9777,0.719,959.7093,119.799,0
time,1.5,pick_up_mug_007,pick_up_mug_005,118,1.505,1.5085,0.0,0.0,1095.0313,160.6024,0
time,1.5,pick_up_mug_007,pick_up_mug_006,177,1.5059,1.4949,0.0,0.0,529.416,58.1882,0
time,1.5,pick_up_mug_007,pick_up_mug_008,125,1.5019,1.4982,34.0378,3.6253,257.8362,28.8548,0
time,1.5,pick_up_mug_008,pick_up_mug_001,138,1.503,1.5037,5.9991,0.5126,185.9722,13.02,0
time,1.5,pick_up_mug_008,pick_up_mug_002,172,1.5061,1.4971,0.0,0.0,626.9477,62.2225,0
time,1.5,pick_up_mug_008,pick_up_mug_003,169,1.5005,1.5046,0.0,0.0,715.7155,74.9049,0
time,1.5,pick_up_mug_008,pick_up_mug_004,170,1.5014,1.4998,0.0,0.0,1080.0128,131.6659,0
time,1.5,pick_up_mug_008,pick_up_mug_005,125,1.5118,1.4947,0.0,0.0,1183.8234,167.681,0
time,1.5,pick_up_mug_008,pick_up_mug_006,129,1.5051,1.5101,2.2578,0.2258,586.5954,61.8991,0
time,1.5,pick_up_mug_008,pick_up_mug_007,155,1.5046,1.4974,0.0,0.0,178.1164,18.9693,0
time,2.0,pick_up_mug_001,pick_up_mug_002,266,2.0048,1.0052,0.0,0.0,291.5083,31.8199,0
time,2.0,pick_up_mug_001,pick_up_mug_003,246,2.0147,0.9955,0.0,0.0,354.5295,42.9147,0
time,2.0,pick_up_mug_001,pick_up_mug_004,265,2.0023,1.0028,0.0,0.0,691.7888,96.8064,0
time,2.0,pick_up_mug_001,pick_up_mug_005,152,2.008,0.9994,0.0,0.0,830.2266,128.0946,0
time,2.0,pick_up_mug_001,pick_up_mug_006,191,2.0054,1.0048,7.5733,0.8628,200.4134,24.4576,0
time,2.0,pick_up_mug_001,pick_up_mug_007,226,2.01,0.9915,3.3366,0.3435,219.5955,29.0368,0
time,2.0,pick_up_mug_001,pick_up_mug_008,144,2.0106,0.99,0.0,0.0,180.3799,19.248,0
time,2.0,pick_up_mug_002,pick_up_mug_001,141,2.0097,0.9934,0.0,0.0,613.3605,57.1105,0
time,2.0,pick_up_mug_002,pick_up_mug_003,334,2.0018,0.9998,0.0,0.0,114.7661,12.63,0
time,2.0,pick_up_mug_002,pick_up_mug_004,344,2.0024,1.0015,0.0,0.0,644.101,67.7603,0
time,2.0,pick_up_mug_002,pick_up_mug_005,189,2.0026,0.9985,17.2205,1.6512,941.7647,105.5268,0
time,2.0,pick_up_mug_002,pick_up_mug_006,262,2.0031,0.9998,0.0,0.0,65.6466,4.5446,0
time,2.0,pick_up_mug_002,pick_up_mug_007,345,2.0027,0.9995,0.0,0.0,572.9422,54.3083,0
time,2.0,pick_up_mug_002,pick_up_mug_008,138,2.0065,1.0008,0.0,0.0,614.1885,59.8316,0
time,2.0,pick_up_mug_003,pick_up_mug_001,136,2.0047,0.9999,0.0,0.0,719.5801,69.5581,0
time,2.0,pick_up_mug_003,pick_up_mug_002,355,2.0007,1.001,0.0,0.0,120.6554,12.8697,0
time,2.0,pick_up_mug_003,pick_up_mug_004,310,2.0016,1.0009,0.0,0.0,573.631,57.1623,0
time,2.0,pick_up_mug_003,pick_up_mug_005,195,2.0035,1.0023,0.0,0.0,857.2575,89.4948,0
time,2.0,pick_up_mug_003,pick_up_mug_006,222,2.0061,0.9967,0.0,0.0,168.3141,15.668,0
time,2.0,pick_up_mug_003,pick_up_mug_007,297,2.0043,0.9962,0.0,0.0,685.4008,66.8602,0
time,2.0,pick_up_mug_003,pick_up_mug_008,137,2.0147,0.9882,18.0602,1.6664,723.5433,72.1585,0
time,2.0,pick_up_mug_004,pick_up_mug_001,144,2.0017,1.0072,0.0,0.0,999.9678,117.419,0
time,2.0,pick_up_mug_004,pick_up_mug_002,293,2.0004,1.0036,0.0,0.0,624.4403,66.7002,0
time,2.0,pick_up_mug_004,pick_up_mug_003,296,2.0029,1.0,0.1076,0.0128,522.9085,54.4078,0
time,2.0,pick_up_mug_004,pick_up_mug_005,184,2.0068,0.9974,0.0,0.0,371.0179,35.7902,0
time,2.0,pick_up_mug_004,pick_up_mug_006,166,2.0096,0.9935,0.0,0.0,746.4153,82.5348,0
time,2.0,pick_up_mug_004,pick_up_mug_007,288,2.0016,1.0021,1.3395,0.1299,1027.8168,120.4787,0
time,2.0,pick_up_mug_004,pick_up_mug_008,150,2.0024,1.0077,0.0,0.0,1052.6756,125.6478,0
time,2.0,pick_up_mug_005,pick_up_mug_001,132,2.0084,0.9922,0.0,0.0,1063.3568,144.3713,0
time,2.0,pick_up_mug_005,pick_up_mug_002,213,2.0107,0.99,0.0,0.0,812.7315,93.9982,0
time,2.0,pick_up_mug_005,pick_up_mug_003,215,2.008,0.9998,0.0,0.0,765.6811,86.6219,0
time,2.0,pick_up_mug_005,pick_up_mug_004,282,2.0011,1.0117,0.0,0.0,351.2838,35.2837,0
time,2.0,pick_up_mug_005,pick_up_mug_006,153,2.0093,0.9983,0.0324,0.0054,944.5477,119.5321,0
time,2.0,pick_up_mug_005,pick_up_mug_007,217,2.0085,0.9935,0.0,0.0,1095.277,148.8504,0
time,2.0,pick_up_mug_005,pick_up_mug_008,145,2.0107,0.9965,0.0,0.0,1106.0124,151.6897,0
time,2.0,pick_up_mug_006,pick_up_mug_001,138,2.0104,0.9902,5.9937,0.5825,543.6628,57.2412,0
time,2.0,pick_up_mug_006,pick_up_mug_002,227,2.0034,1.0005,0.0,0.0,68.8563,4.9759,0
time,2.0,pick_up_mug_006,pick_up_mug_003,204,2.0013,1.012,0.0,0.0,112.4977,11.7321,0
time,2.0,pick_up_mug_006,pick_up_mug_004,219,2.0051,0.9988,0.0,0.0,611.77,71.0408,0
time,2.0,pick_up_mug_006,pick_up_mug_005,155,2.0056,1.0026,0.0,0.0,866.5167,107.799,0
time,2.0,pick_up_mug_006,pick_up_mug_007,244,2.0014,1.007,0.0,0.0,567.7832,61.1442,0
time,2.0,pick_up_mug_006,pick_up_mug_008,118,2.0087,0.9927,14.3684,1.5254,648.2178,72.3128,0
time,2.0,pick_up_mug_007,pick_up_mug_001,123,2.0111,0.996,0.0,0.0,36.9284,3.948,0
time,2.0,pick_up_mug_007,pick_up_mug_002,244,2.0065,0.9953,0.0,0.0,527.539,53.896,0
time,2.0,pick_up_mug_007,pick_up_mug_003,271,2.0029,0.9973,0.0,0.0,613.6117,66.6443,0
time,2.0,pick_up_mug_007,pick_up_mug_004,310,2.0041,0.996,0.0,0.0,960.5573,119.9679,0
time,2.0,pick_up_mug_007,pick_up_mug_005,156,2.0059,1.0076,0.0,0.0,1095.0313,160.6024,0
time,2.0,pick_up_mug_007,pick_up_mug_006,235,2.0056,0.9952,0.0,0.0,529.416,58.1882,0
time,2.0,pick_up_mug_007,pick_up_mug_008,167,2.0066,0.9934,34.0378,3.6253,257.8362,28.8548,0
time,2.0,pick_up_mug_008,pick_up_mug_001,188,2.001,1.0057,1.1058,0.1003,183.3601,12.7174,0
time,2.0,pick_up_mug_008,pick_up_mug_002,231,2.0009,1.0023,0.0,0.0,626.9477,62.2225,0
time,2.0,pick_up_mug_008,pick_up_mug_003,227,2.0036,1.0015,0.0,0.0,715.7155,74.9049,0
time,2.0,pick_up_mug_008,pick_up_mug_004,227,2.0075,0.9936,0.0,0.0,1080.0128,131.6659,0
time,2.0,pick_up_mug_008,pick_up_mug_005,166,2.0072,0.9993,0.0,0.0,1183.8234,167.681,0
time,2.0,pick_up_mug_008,pick_up_mug_006,174,2.0005,1.0147,0.3718,0.036,584.8601,61.712,0
time,2.0,pick_up_mug_008,pick_up_mug_007,205,2.0045,0.9975,0.0,0.0,178.1164,18.9693,0
time,3.0,pick_up_mug_001,pick_up_mug_002,407,3.01,0.0,0.0,0.0,291.5083,31.8199,0
time,3.0,pick_up_mug_001,pick_up_mug_003,370,3.0102,0.0,0.0,0.0,354.5295,42.9147,0
time,3.0,pick_up_mug_001,pick_up_mug_004,406,3.0051,0.0,0.0,0.0,691.7888,96.8064,0
time,3.0,pick_up_mug_001,pick_up_mug_005,231,3.0075,0.0,0.0,0.0,830.2266,128.0946,0
time,3.0,pick_up_mug_001,pick_up_mug_006,291,3.0101,0.0,0.0,0.0,207.0186,25.289,0
time,3.0,pick_up_mug_001,pick_up_mug_007,341,3.0015,0.0,0.0,0.0,217.2055,28.7452,0
time,3.0,pick_up_mug_001,pick_up_mug_008,218,3.0006,0.0,0.0,0.0,180.3799,19.248,0
time,3.0,pick_up_mug_002,pick_up_mug_001,210,3.0031,0.0,0.0,0.0,613.3605,57.1105,0
time,3.0,pick_up_mug_002,pick_up_mug_003,500,3.0017,0.0,0.0,0.0,114.7661,12.63,0
time,3.0,pick_up_mug_002,pick_up_mug_004,514,3.0039,0.0,0.0,0.0,644.101,67.7603,0
time,3.0,pick_up_mug_002,pick_up_mug_005,285,3.001,0.0,0.0,0.0,930.7891,103.8849,0
time,3.0,pick_up_mug_002,pick_up_mug_006,395,3.0029,0.0,0.0,0.0,65.6466,4.5446,0
time,3.0,pick_up_mug_002,pick_up_mug_007,515,3.0022,0.0,0.0,0.0,572.9422,54.3083,0
time,3.0,pick_up_mug_002,pick_up_mug_008,207,3.0073,0.0,0.0,0.0,614.1885,59.8316,0
time,3.0,pick_up_mug_003,pick_up_mug_001,203,3.0046,0.0,0.0,0.0,719.5801,69.5581,0
time,3.0,pick_up_mug_003,pick_up_mug_002,528,3.0017,0.0,0.0,0.0,120.6554,12.8697,0
time,3.0,pick_up_mug_003,pick_up_mug_004,464,3.0026,0.0,0.0,0.0,573.631,57.1623,0
time,3.0,pick_up_mug_003,pick_up_mug_005,293,3.0058,0.0,0.0,0.0,857.2575,89.4948,0
time,3.0,pick_up_mug_003,pick_up_mug_006,328,3.0028,0.0,0.0,0.0,168.3141,15.668,0
time,3.0,pick_up_mug_003,pick_up_mug_007,443,3.0006,0.0,0.0,0.0,685.4008,66.8602,0
time,3.0,pick_up_mug_003,pick_up_mug_008,204,3.0028,0.0,0.0,0.0,709.2067,70.4963,0
time,3.0,pick_up_mug_004,pick_up_mug_001,217,3.0089,0.0,0.0,0.0,999.9678,117.419,0
time,3.0,pick_up_mug_004,pick_up_mug_002,438,3.004,0.0,0.0,0.0,624.4403,66.7002,0
time,3.0,pick_up_mug_004,pick_up_mug_003,444,3.0029,0.0,0.0,0.0,523.0021,54.4176,0
time,3.0,pick_up_mug_004,pick_up_mug_005,274,3.0042,0.0,0.0,0.0,371.0179,35.7902,0
time,3.0,pick_up_mug_004,pick_up_mug_006,245,3.0031,0.0,0.0,0.0,746.4153,82.5348,0
time,3.0,pick_up_mug_004,pick_up_mug_007,423,3.0037,0.0,0.0,0.0,1027.1902,120.3541,0
time,3.0,pick_up_mug_004,pick_up_mug_008,226,3.0101,0.0,0.0,0.0,1052.6756,125.6478,0
time,3.0,pick_up_mug_005,pick_up_mug_001,197,3.0006,0.0,0.0,0.0,1063.3568,144.3713,0
time,3.0,pick_up_mug_005,pick_up_mug_002,315,3.0007,0.0,0.0,0.0,812.7315,93.9982,0
time,3.0,pick_up_mug_005,pick_up_mug_003,322,3.0078,0.0,0.0,0.0,765.6811,86.6219,0
time,3.0,pick_up_mug_005,pick_up_mug_004,418,3.0128,0.0,0.0,0.0,351.2838,35.2837,0
time,3.0,pick_up_mug_005,pick_up_mug_006,229,3.0076,0.0,0.0,0.0,944.553,119.533,0
time,3.0,pick_up_mug_005,pick_up_mug_007,326,3.002,0.0,0.0,0.0,1095.277,148.8504,0
time,3.0,pick_up_mug_005,pick_up_mug_008,214,3.0072,0.0,0.0,0.0,1106.0124,151.6897,0
time,3.0,pick_up_mug_006,pick_up_mug_001,205,3.0006,0.0,0.0,0.0,538.817,56.6872,0
time,3.0,pick_up_mug_006,pick_up_mug_002,330,3.0038,0.0,0.0,0.0,68.8563,4.9759,0
time,3.0,pick_up_mug_006,pick_up_mug_003,302,3.0133,0.0,0.0,0.0,112.4977,11.7321,0
time,3.0,pick_up_mug_006,pick_up_mug_004,322,3.004,0.0,0.0,0.0,611.77,71.0408,0
time,3.0,pick_up_mug_006,pick_up_mug_005,231,3.0082,0.0,0.0,0.0,866.5167,107.799,0
time,3.0,pick_up_mug_006,pick_up_mug_007,359,3.0085,0.0,0.0,0.0,567.7832,61.1442,0
time,3.0,pick_up_mug_006,pick_up_mug_008,177,3.0014,0.0,0.0,0.0,637.7636,70.9187,0
time,3.0,pick_up_mug_007,pick_up_mug_001,183,3.007,0.0,0.0,0.0,36.9284,3.948,0
time,3.0,pick_up_mug_007,pick_up_mug_002,362,3.0018,0.0,0.0,0.0,527.539,53.896,0
time,3.0,pick_up_mug_007,pick_up_mug_003,399,3.0001,0.0,0.0,0.0,613.6117,66.6443,0
time,3.0,pick_up_mug_007,pick_up_mug_004,451,3.0001,0.0,0.0,0.0,960.5573,119.9679,0
time,3.0,pick_up_mug_007,pick_up_mug_005,233,3.0135,0.0,0.0,0.0,1095.0313,160.6024,0
time,3.0,pick_up_mug_007,pick_up_mug_006,350,3.0008,0.0,0.0,0.0,529.416,58.1882,0
time,3.0,pick_up_mug_007,pick_up_mug_008,255,3.0001,0.0,0.0,0.0,289.2235,32.4053,0
time,3.0,pick_up_mug_008,pick_up_mug_001,280,3.0067,0.0,0.0,0.0,182.5065,12.627,0
time,3.0,pick_up_mug_008,pick_up_mug_002,345,3.0031,0.0,0.0,0.0,626.9477,62.2225,0
time,3.0,pick_up_mug_008,pick_up_mug_003,342,3.0051,0.0,0.0,0.0,715.7155,74.9049,0
time,3.0,pick_up_mug_008,pick_up_mug_004,339,3.0011,0.0,0.0,0.0,1080.0128,131.6659,0
time,3.0,pick_up_mug_008,pick_up_mug_005,249,3.0064,0.0,0.0,0.0,1183.8234,167.681,0
time,3.0,pick_up_mug_008,pick_up_mug_006,265,3.0152,0.0,0.0,0.0,584.525,61.6764,0
time,3.0,pick_up_mug_008,pick_up_mug_007,311,3.002,0.0,0.0,0.0,178.1164,18.9693,0
count,5,pick_up_mug_001,pick_up_mug_002,5,0.037,2.9731,51.9136,6.1829,243.5596,25.6637,0
count,5,pick_up_mug_001,pick_up_mug_003,5,0.0412,2.969,39.2335,4.6438,319.3041,38.3037,0
count,5,pick_up_mug_001,pick_up_mug_004,5,0.0354,2.9697,45.2112,5.341,663.2485,91.4922,0
count,5,pick_up_mug_001,pick_up_mug_005,5,0.065,2.9425,28.6116,3.418,818.0832,124.6997,0
count,5,pick_up_mug_001,pick_up_mug_006,5,0.0454,2.9648,74.3814,8.8756,279.8531,34.0433,0
count,5,pick_up_mug_001,pick_up_mug_007,5,0.0445,2.957,1.1364,0.1327,218.1788,28.8713,0
count,5,pick_up_mug_001,pick_up_mug_008,5,0.0775,2.9231,8.2478,0.9896,187.5409,20.2187,0
count,5,pick_up_mug_002,pick_up_mug_001,5,0.076,2.9271,18.6403,1.7455,596.8584,55.3831,0
count,5,pick_up_mug_002,pick_up_mug_003,5,0.0312,2.9705,0.0,0.0,114.7661,12.63,0
count,5,pick_up_mug_002,pick_up_mug_004,5,0.0311,2.9728,22.0673,2.0079,627.6773,65.9112,0
count,5,pick_up_mug_002,pick_up_mug_005,5,0.0497,2.9514,20.713,1.9997,943.958,105.8586,0
count,5,pick_up_mug_002,pick_up_mug_006,5,0.0428,2.9601,56.7726,5.4042,104.5956,9.5978,0
count,5,pick_up_mug_002,pick_up_mug_007,5,0.0303,2.9719,3.0865,0.3019,570.3546,54.013,0
count,5,pick_up_mug_002,pick_up_mug_008,5,0.0647,2.9426,26.6571,2.5749,636.4442,62.3901,0
count,5,pick_up_mug_003,pick_up_mug_001,5,0.0763,2.9283,17.9902,1.6301,704.9152,67.9725,0
count,5,pick_up_mug_003,pick_up_mug_002,5,0.0305,2.9711,1.0965,0.0888,120.5198,12.8545,0
count,5,pick_up_mug_003,pick_up_mug_004,5,0.0325,2.9701,43.4007,3.9557,536.4489,53.2743,0
count,5,pick_up_mug_003,pick_up_mug_005,5,0.0542,2.9516,6.9448,0.6253,852.6833,88.8969,0
count,5,pick_up_mug_003,pick_up_mug_006,5,0.0489,2.9539,12.6729,1.168,180.8867,16.833,0
count,5,pick_up_mug_003,pick_up_mug_007,5,0.0387,2.9619,0.0123,0.0011,685.4062,66.8606,0
count,5,pick_up_mug_003,pick_up_mug_008,5,0.0669,2.9359,50.6817,4.6914,748.8171,75.1825,0
count,5,pick_up_mug_004,pick_up_mug_001,5,0.0775,2.9314,0.0,0.0,999.9678,117.419,0
count,5,pick_up_mug_004,pick_up_mug_002,5,0.0415,2.9624,9.452,0.8983,618.0385,65.9236,0
count,5,pick_up_mug_004,pick_up_mug_003,5,0.0441,2.9588,10.2316,0.9871,514.0551,53.4373,0
count,5,pick_up_mug_004,pick_up_mug_005,5,0.0607,2.9436,7.108,0.5785,374.0455,36.1118,0
count,5,pick_up_mug_004,pick_up_mug_006,5,0.0652,2.9378,9.9624,0.7565,741.6153,81.9455,0
count,5,pick_up_mug_004,pick_up_mug_007,5,0.04,2.9637,12.3697,1.1774,1033.0783,121.5134,0
count,5,pick_up_mug_004,pick_up_mug_008,5,0.0796,2.9305,29.7251,2.8755,1065.4701,128.5178,0
count,5,pick_up_mug_005,pick_up_mug_001,5,0.0795,2.921,1.0726,0.1021,1063.0342,144.2727,0
count,5,pick_up_mug_005,pick_up_mug_002,5,0.0513,2.9494,5.8187,0.6731,815.9954,94.52,0
count,5,pick_up_mug_005,pick_up_mug_003,5,0.051,2.9568,11.3681,1.1385,757.5396,85.4878,0
count,5,pick_up_mug_005,pick_up_mug_004,5,0.0356,2.9772,5.0264,0.5092,346.5379,34.7774,0
count,5,pick_up_mug_005,pick_up_mug_006,5,0.0596,2.948,0.8871,0.089,944.0912,119.4456,0
count,5,pick_up_mug_005,pick_up_mug_007,5,0.0475,2.9545,77.0121,7.8088,1113.0399,156.59,0
count,5,pick_up_mug_005,pick_up_mug_008,5,0.0699,2.9372,0.0348,0.0055,1106.0179,151.6918,0
count,5,pick_up_mug_006,pick_up_mug_001,5,0.0846,2.916,5.1046,0.5062,534.5761,56.2024,0
count,5,pick_up_mug_006,pick_up_mug_002,5,0.0478,2.956,52.3568,5.2069,99.9481,9.753,0
count,5,pick_up_mug_006,pick_up_mug_003,5,0.0525,2.9608,86.7647,8.5556,50.8486,3.197,0
count,5,pick_up_mug_006,pick_up_mug_004,5,0.0494,2.9546,9.0089,0.8163,606.1826,70.3269,0
count,5,pick_up_mug_006,pick_up_mug_005,5,0.0763,2.9319,23.0504,2.2922,879.2532,110.031,0
count,5,pick_up_mug_006,pick_up_mug_007,5,0.0568,2.9517,33.3781,3.0705,586.1857,63.3011,0
count,5,pick_up_mug_006,pick_up_mug_008,5,0.09,2.9114,433.479,62.4217,536.3215,60.6212,0
count,5,pick_up_mug_007,pick_up_mug_001,5,0.0901,2.9169,1.4036,0.1484,36.1867,4.0156,0
count,5,pick_up_mug_007,pick_up_mug_002,5,0.0536,2.9482,0.3787,0.0903,527.8624,53.9355,0
count,5,pick_up_mug_007,pick_up_mug_003,5,0.0528,2.9473,0.0811,0.0121,613.5755,66.6389,0
count,5,pick_up_mug_007,pick_up_mug_004,5,0.0501,2.95,4.6905,0.7845,959.9754,119.8431,0
count,5,pick_up_mug_007,pick_up_mug_005,5,0.0841,2.9294,4.72,0.4822,1095.8306,161.0704,0
count,5,pick_up_mug_007,pick_up_mug_006,5,0.0528,2.948,0.0,0.0,529.416,58.1882,0
count,5,pick_up_mug_007,pick_up_mug_008,5,0.0626,2.9374,48.3154,5.1091,244.399,27.4035,0
count,5,pick_up_mug_008,pick_up_mug_001,5,0.0641,2.9426,6.0026,0.5129,185.973,13.02,0
count,5,pick_up_mug_008,pick_up_mug_002,5,0.0526,2.9505,3.2211,0.3299,629.3627,62.4904,0
count,5,pick_up_mug_008,pick_up_mug_003,5,0.0506,2.9545,0.0,0.0,715.7155,74.9049,0
count,5,pick_up_mug_008,pick_up_mug_004,5,0.046,2.9551,32.2706,3.0386,1066.4161,128.64,0
count,5,pick_up_mug_008,pick_up_mug_005,5,0.062,2.9445,19.8234,1.9066,1186.2648,169.5773,0
count,5,pick_up_mug_008,pick_up_mug_006,5,0.0751,2.9401,31.0951,2.996,612.6467,64.6622,0
count,5,pick_up_mug_008,pick_up_mug_007,5,0.0415,2.9605,106.3125,10.5677,73.1916,8.6964,0
count,10,pick_up_mug_001,pick_up_mug_002,10,0.0775,2.9326,51.9169,6.1834,243.5562,25.6633,0
count,10,pick_up_mug_001,pick_up_mug_003,10,0.0832,2.927,39.2545,4.646,319.2892,38.3018,0
count,10,pick_up_mug_001,pick_up_mug_004,10,0.0734,2.9316,45.211,5.3409,663.2493,91.4922,0
count,10,pick_up_mug_001,pick_up_mug_005,10,0.1254,2.8821,23.7388,2.8367,820.2054,125.2762,0
count,10,pick_up_mug_001,pick_up_mug_006,10,0.1023,2.9079,74.3814,8.8756,279.8531,34.0433,0
count,10,pick_up_mug_001,pick_up_mug_007,10,0.0948,2.9067,1.1364,0.1327,218.1788,28.8713,0
count,10,pick_up_mug_001,pick_up_mug_008,10,0.1431,2.8575,2.4555,0.3054,182.5506,19.5352,0
count,10,pick_up_mug_002,pick_up_mug_001,10,0.1462,2.857,18.6403,1.7455,596.8584,55.3831,0
count,10,pick_up_mug_002,pick_up_mug_003,10,0.0646,2.9371,0.0,0.0,114.7661,12.63,0
count,10,pick_up_mug_002,pick_up_mug_004,10,0.0632,2.9407,22.1897,2.0184,627.5561,65.8986,0
count,10,pick_up_mug_002,pick_up_mug_005,10,0.1091,2.8919,20.713,1.9997,943.958,105.8586,0
count,10,pick_up_mug_002,pick_up_mug_006,10,0.0812,2.9217,45.8442,4.3592,95.4639,8.558,0
count,10,pick_up_mug_002,pick_up_mug_007,10,0.0618,2.9404,3.0865,0.3019,570.3546,54.013,0
count,10,pick_up_mug_002,pick_up_mug_008,10,0.1469,2.8604,26.6571,2.5749,636.4442,62.3901,0
count,10,pick_up_mug_003,pick_up_mug_001,10,0.15,2.8546,17.9902,1.6301,704.9152,67.9725,0
count,10,pick_up_mug_003,pick_up_mug_002,10,0.0607,2.941,1.0913,0.0886,120.5206,12.8546,0
count,10,pick_up_mug_003,pick_up_mug_004,10,0.0648,2.9377,43.4007,3.9557,536.4489,53.2743,0
count,10,pick_up_mug_003,pick_up_mug_005,10,0.1041,2.9018,6.9448,0.6253,852.6833,88.8969,0
count,10,pick_up_mug_003,pick_up_mug_006,10,0.0962,2.9066,12.6729,1.168,180.8867,16.833,0
count,10,pick_up_mug_003,pick_up_mug_007,10,0.0776,2.923,0.0123,0.0011,685.4062,66.8606,0
count,10,pick_up_mug_003,pick_up_mug_008,10,0.1432,2.8597,50.7382,4.6956,748.8606,75.1868,0
count,10,pick_up_mug_004,pick_up_mug_001,10,0.1415,2.8674,0.0,0.0,999.9678,117.419,0
count,10,pick_up_mug_004,pick_up_mug_002,10,0.0755,2.9285,0.9352,0.0898,623.695,66.6114,0
count,10,pick_up_mug_004,pick_up_mug_003,10,0.0796,2.9233,10.2316,0.9871,514.0551,53.4373,0
count,10,pick_up_mug_004,pick_up_mug_005,10,0.1212,2.883,0.0,0.0,371.0179,35.7902,0
count,10,pick_up_mug_004,pick_up_mug_006,10,0.1269,2.8762,10.4069,0.8141,741.0574,81.8781,0
count,10,pick_up_mug_004,pick_up_mug_007,10,0.0827,2.921,2.9239,0.2776,1028.5265,120.6179,0
count,10,pick_up_mug_004,pick_up_mug_008,10,0.1575,2.8526,29.7546,2.8775,1065.4819,128.5196,0
count,10,pick_up_mug_005,pick_up_mug_001,10,0.1561,2.8445,0.9449,0.0899,1063.0717,144.2843,0
count,10,pick_up_mug_005,pick_up_mug_002,10,0.099,2.9017,5.8187,0.6731,815.9954,94.52,0
count,10,pick_up_mug_005,pick_up_mug_003,10,0.1002,2.9076,11.3681,1.1385,757.5396,85.4878,0
count,10,pick_up_mug_005,pick_up_mug_004,10,0.0798,2.933,6.035,0.6101,345.5799,34.6759,0
count,10,pick_up_mug_005,pick_up_mug_006,10,0.1196,2.888,0.8871,0.089,944.0912,119.4456,0
count,10,pick_up_mug_005,pick_up_mug_007,10,0.1012,2.9008,49.8161,5.0826,1107.3421,153.8609,0
count,10,pick_up_mug_005,pick_up_mug_008,10,0.1489,2.8583,0.0348,0.0055,1106.0179,151.6918,0
count,10,pick_up_mug_006,pick_up_mug_001,10,0.1533,2.8473,5.1046,0.5062,534.5761,56.2024,0
count,10,pick_up_mug_006,pick_up_mug_002,10,0.0809,2.923,0.0,0.0,68.8563,4.9759,0
count,10,pick_up_mug_006,pick_up_mug_003,10,0.1009,2.9124,33.5289,3.3014,84.471,8.4406,0
count,10,pick_up_mug_006,pick_up_mug_004,10,0.1015,2.9025,8.1256,0.7351,606.7214,70.3952,0
count,10,pick_up_mug_006,pick_up_mug_005,10,0.1516,2.8566,23.0504,2.2922,879.2532,110.031,0
count,10,pick_up_mug_006,pick_up_mug_007,10,0.1079,2.9006,33.3781,3.0705,586.1857,63.3011,0
count,10,pick_up_mug_006,pick_up_mug_008,10,0.1693,2.8322,15.4196,1.5704,648.802,72.3849,0
count,10,pick_up_mug_007,pick_up_mug_001,10,0.1724,2.8346,0.366,0.0365,36.722,3.9666,0
count,10,pick_up_mug_007,pick_up_mug_002,10,0.1056,2.8962,0.3787,0.0903,527.8624,53.9355,0
count,10,pick_up_mug_007,pick_up_mug_003,10,0.1026,2.8975,0.348,0.0373,613.4725,66.6277,0
count,10,pick_up_mug_007,pick_up_mug_004,10,0.0899,2.9102,4.6902,0.7845,959.9754,119.8431,0
count,10,pick_up_mug_007,pick_up_mug_005,10,0.1634,2.8501,0.0,0.0,1095.0313,160.6024,0
count,10,pick_up_mug_007,pick_up_mug_006,10,0.119,2.8818,0.0,0.0,529.416,58.1882,0
count,10,pick_up_mug_007,pick_up_mug_008,10,0.1363,2.8638,48.3154,5.1091,244.399,27.4035,0
count,10,pick_up_mug_008,pick_up_mug_001,10,0.1317,2.875,6.0026,0.5129,185.973,13.02,0
count,10,pick_up_mug_008,pick_up_mug_002,10,0.1134,2.8898,3.2211,0.3299,629.3627,62.4904,0
count,10,pick_up_mug_008,pick_up_mug_003,10,0.1205,2.8846,0.0,0.0,715.7155,74.9049,0
count,10,pick_up_mug_008,pick_up_mug_004,10,0.1138,2.8874,32.2706,3.0386,1066.4161,128.64,0
count,10,pick_up_mug_008,pick_up_mug_005,10,0.1425,2.8639,19.8234,1.9066,1186.2648,169.5773,0
count,10,pick_up_mug_008,pick_up_mug_006,10,0.1527,2.8625,22.2885,2.1442,604.6651,63.8104,0
count,10,pick_up_mug_008,pick_up_mug_007,10,0.1055,2.8965,24.8549,2.3898,202.8028,21.3384,0
count,25,pick_up_mug_001,pick_up_mug_002,25,0.184,2.8261,0.0,0.0,291.5083,31.8199,0
count,25,pick_up_mug_001,pick_up_mug_003,25,0.2045,2.8057,39.2545,4.646,319.2892,38.3018,0
count,25,pick_up_mug_001,pick_up_mug_004,25,0.1774,2.8276,0.2497,0.0296,691.9397,96.835,0
count,25,pick_up_mug_001,pick_up_mug_005,25,0.3249,2.6825,17.7909,2.1278,822.7769,125.9818,0
count,25,pick_up_mug_001,pick_up_mug_006,25,0.2707,2.7394,16.4474,1.907,222.2243,27.0666,0
count,25,pick_up_mug_001,pick_up_mug_007,25,0.2322,2.7693,1.1364,0.1327,218.1788,28.8713,0
count,25,pick_up_mug_001,pick_up_mug_008,25,0.3408,2.6598,2.4555,0.3054,182.5506,19.5352,0
count,25,pick_up_mug_002,pick_up_mug_001,25,0.3626,2.6405,18.6403,1.7455,596.8584,55.3831,0
count,25,pick_up_mug_002,pick_up_mug_003,25,0.1535,2.8481,0.0,0.0,114.7661,12.63,0
count,25,pick_up_mug_002,pick_up_mug_004,25,0.146,2.8579,19.5115,1.8112,628.6043,66.0147,0
count,25,pick_up_mug_002,pick_up_mug_005,25,0.2616,2.7395,6.3394,0.6348,934.8709,104.4824,0
count,25,pick_up_mug_002,pick_up_mug_006,25,0.2024,2.8005,45.8442,4.3592,95.4639,8.558,0
count,25,pick_up_mug_002,pick_up_mug_007,25,0.146,2.8561,0.0,0.0,572.9422,54.3083,0
count,25,pick_up_mug_002,pick_up_mug_008,25,0.3528,2.6545,26.7627,2.586,636.5324,62.3998,0
count,25,pick_up_mug_003,pick_up_mug_001,25,0.3665,2.6382,17.9902,1.6301,704.9152,67.9725,0
count,25,pick_up_mug_003,pick_up_mug_002,25,0.1459,2.8557,1.0711,0.0871,120.5291,12.8555,0
count,25,pick_up_mug_003,pick_up_mug_004,25,0.1599,2.8427,43.3796,3.9539,536.4623,53.2755,0
count,25,pick_up_mug_003,pick_up_mug_005,25,0.2632,2.7426,0.0,0.0,857.2575,89.4948,0
count,25,pick_up_mug_003,pick_up_mug_006,25,0.253,2.7498,12.6729,1.168,180.8867,16.833,0
count,25,pick_up_mug_003,pick_up_mug_007,25,0.1778,2.8227,0.0155,0.0015,685.4076,66.8608,0
count,25,pick_up_mug_003,pick_up_mug_008,25,0.3258,2.677,18.0602,1.6664,723.5433,72.1585,0
count,25,pick_up_mug_004,pick_up_mug_001,25,0.3446,2.6643,0.0,0.0,999.9678,117.419,0
count,25,pick_up_mug_004,pick_up_mug_002,25,0.1804,2.8236,0.9352,0.0898,623.695,66.6114,0
count,25,pick_up_mug_004,pick_up_mug_003,25,0.1847,2.8182,0.1076,0.0128,522.9085,54.4078,0
count,25,pick_up_mug_004,pick_up_mug_005,25,0.2783,2.726,0.0,0.0,371.0179,35.7902,0
count,25,pick_up_mug_004,pick_up_mug_006,25,0.3097,2.6934,5.4808,0.4689,742.9381,82.109,0
count,25,pick_up_mug_004,pick_up_mug_007,25,0.1751,2.8286,3.0364,0.2917,1028.5926,120.6325,0
count,25,pick_up_mug_004,pick_up_mug_008,25,0.3282,2.6819,29.7584,2.8777,1065.4845,128.5199,0
count,25,pick_up_mug_005,pick_up_mug_001,25,0.3748,2.6258,0.9449,0.0899,1063.0717,144.2843,0
count,25,pick_up_mug_005,pick_up_mug_002,25,0.2531,2.7476,5.8187,0.6731,815.9954,94.52,0
count,25,pick_up_mug_005,pick_up_mug_003,25,0.2442,2.7636,4.7336,0.4784,762.3289,86.1525,0
count,25,pick_up_mug_005,pick_up_mug_004,25,0.1809,2.8319,0.0,0.0,351.2838,35.2837,0
count,25,pick_up_mug_005,pick_up_mug_006,25,0.3137,2.6939,0.8871,0.089,944.0912,119.4456,0
count,25,pick_up_mug_005,pick_up_mug_007,25,0.2463,2.7557,3.1796,0.3958,1095.9869,149.1289,0
count,25,pick_up_mug_005,pick_up_mug_008,25,0.3144,2.6927,0.0279,0.0045,1106.0169,151.6915,0
count,25,pick_up_mug_006,pick_up_mug_001,25,0.3543,2.6462,1.9497,0.1963,537.1623,56.4967,0
count,25,pick_up_mug_006,pick_up_mug_002,25,0.1903,2.8135,0.0,0.0,68.8563,4.9759,0
count,25,pick_up_mug_006,pick_up_mug_003,25,0.2318,2.7815,30.3969,2.9882,87.0253,8.7505,0
count,25,pick_up_mug_006,pick_up_mug_004,25,0.2271,2.7769,8.2454,0.7483,606.5955,70.3791,0
count,25,pick_up_mug_006,pick_up_mug_005,25,0.335,2.6732,23.0888,2.2943,879.2431,110.0287,0
count,25,pick_up_mug_006,pick_up_mug_007,25,0.2128,2.7957,33.3781,3.0705,586.1857,63.3011,0
count,25,pick_up_mug_006,pick_up_mug_008,25,0.4172,2.5843,14.3779,1.5259,648.224,72.3138,0
count,25,pick_up_mug_007,pick_up_mug_001,25,0.4132,2.5938,0.288,0.0345,36.7929,3.9697,0
count,25,pick_up_mug_007,pick_up_mug_002,25,0.219,2.7828,0.3787,0.0903,527.8624,53.9355,0
count,25,pick_up_mug_007,pick_up_mug_003,25,0.1899,2.8102,0.348,0.0373,613.4725,66.6277,0
count,25,pick_up_mug_007,pick_up_mug_004,25,0.1683,2.8318,4.6794,0.7847,959.9784,119.8436,0
count,25,pick_up_mug_007,pick_up_mug_005,25,0.3519,2.6616,0.0,0.0,1095.0313,160.6024,0
count,25,pick_up_mug_007,pick_up_mug_006,25,0.229,2.7718,0.0,0.0,529.416,58.1882,0
count,25,pick_up_mug_007,pick_up_mug_008,25,0.3061,2.6939,48.0583,5.0831,244.6485,27.4308,0
count,25,pick_up_mug_008,pick_up_mug_001,25,0.2719,2.7348,6.0026,0.5129,185.973,13.02,0
count,25,pick_up_mug_008,pick_up_mug_002,25,0.2317,2.7715,3.2335,0.3309,629.3691,62.4909,0
count,25,pick_up_mug_008,pick_up_mug_003,25,0.2386,2.7665,0.0,0.0,715.7155,74.9049,0
count,25,pick_up_mug_008,pick_up_mug_004,25,0.2379,2.7632,32.2836,3.0397,1066.4109,128.6391,0
count,25,pick_up_mug_008,pick_up_mug_005,25,0.3112,2.6952,9.3037,0.9075,1185.0361,168.5865,0
count,25,pick_up_mug_008,pick_up_mug_006,25,0.3102,2.705,22.2885,2.1442,604.6651,63.8104,0
count,25,pick_up_mug_008,pick_up_mug_007,25,0.2282,2.7738,14.484,1.4837,163.685,17.5023,0
count,50,pick_up_mug_001,pick_up_mug_002,50,0.385,2.6251,0.0,0.0,291.5083,31.8199,0
count,50,pick_up_mug_001,pick_up_mug_003,50,0.4176,2.5926,39.2545,4.646,319.2892,38.3018,0
count,50,pick_up_mug_001,pick_up_mug_004,50,0.3821,2.623,0.2497,0.0296,691.9397,96.835,0
count,50,pick_up_mug_001,pick_up_mug_005,50,0.6744,2.3331,6.8915,0.8257,827.3678,127.2754,0
count,50,pick_up_mug_001,pick_up_mug_006,50,0.5517,2.4585,13.0457,1.4809,218.5291,26.6178,0
count,50,pick_up_mug_001,pick_up_mug_007,50,0.4565,2.545,1.1364,0.1327,218.1788,28.8713,0
count,50,pick_up_mug_001,pick_up_mug_008,50,0.6796,2.321,0.0,0.0,180.3799,19.248,0
count,50,pick_up_mug_002,pick_up_mug_001,50,0.7142,2.2889,18.6403,1.7455,596.8584,55.3831,0
count,50,pick_up_mug_002,pick_up_mug_003,50,0.3139,2.6878,0.0,0.0,114.7661,12.63,0
count,50,pick_up_mug_002,pick_up_mug_004,50,0.2985,2.7054,19.5115,1.8112,628.6043,66.0147,0
count,50,pick_up_mug_002,pick_up_mug_005,50,0.5372,2.4639,6.3394,0.6348,934.8709,104.4824,0
count,50,pick_up_mug_002,pick_up_mug_006,50,0.3855,2.6174,45.8442,4.3592,95.4639,8.558,0
count,50,pick_up_mug_002,pick_up_mug_007,50,0.2824,2.7198,0.0,0.0,572.9422,54.3083,0
count,50,pick_up_mug_002,pick_up_mug_008,50,0.7467,2.2606,0.0,0.0,614.1885,59.8316,0
count,50,pick_up_mug_003,pick_up_mug_001,50,0.7391,2.2655,17.9902,1.6301,704.9152,67.9725,0
count,50,pick_up_mug_003,pick_up_mug_002,50,0.291,2.7106,1.0711,0.0871,120.5291,12.8555,0
count,50,pick_up_mug_003,pick_up_mug_004,50,0.3246,2.678,43.3796,3.9539,536.4623,53.2755,0
count,50,pick_up_mug_003,pick_up_mug_005,50,0.5138,2.492,0.0,0.0,857.2575,89.4948,0
count,50,pick_up_mug_003,pick_up_mug_006,50,0.4811,2.5217,12.6729,1.168,180.8867,16.833,0
count,50,pick_up_mug_003,pick_up_mug_007,50,0.3502,2.6504,0.0,0.0,685.4008,66.8602,0
count,50,pick_up_mug_003,pick_up_mug_008,50,0.7135,2.2894,18.0602,1.6664,723.5433,72.1585,0
count,50,pick_up_mug_004,pick_up_mug_001,50,0.6845,2.3243,0.0,0.0,999.9678,117.419,0
count,50,pick_up_mug_004,pick_up_mug_002,50,0.3577,2.6463,0.0,0.0,624.4403,66.7002,0
count,50,pick_up_mug_004,pick_up_mug_003,50,0.3654,2.6375,0.1076,0.0128,522.9085,54.4078,0
count,50,pick_up_mug_004,pick_up_mug_005,50,0.5622,2.4421,0.0,0.0,371.0179,35.7902,0
count,50,pick_up_mug_004,pick_up_mug_006,50,0.6127,2.3904,5.4808,0.4689,742.9381,82.109,0
count,50,pick_up_mug_004,pick_up_mug_007,50,0.3369,2.6668,0.6532,0.0675,1026.8936,120.2879,0
count,50,pick_up_mug_004,pick_up_mug_008,50,0.6608,2.3493,29.7627,2.8781,1065.4867,128.5203,0
count,50,pick_up_mug_005,pick_up_mug_001,50,0.7538,2.2468,0.9421,0.0896,1063.0727,144.2846,0
count,50,pick_up_mug_005,pick_up_mug_002,50,0.5056,2.4951,5.8187,0.6731,815.9954,94.52,0
count,50,pick_up_mug_005,pick_up_mug_003,50,0.4931,2.5147,0.6483,0.0647,765.2278,86.5572,0
count,50,pick_up_mug_005,pick_up_mug_004,50,0.3693,2.6435,0.0,0.0,351.2838,35.2837,0
count,50,pick_up_mug_005,pick_up_mug_006,50,0.6405,2.3671,0.8871,0.089,944.0912,119.4456,0
count,50,pick_up_mug_005,pick_up_mug_007,50,0.4812,2.5208,0.0,0.0,1095.277,148.8504,0
count,50,pick_up_mug_005,pick_up_mug_008,50,0.6601,2.347,0.0279,0.0045,1106.0169,151.6915,0
count,50,pick_up_mug_006,pick_up_mug_001,50,0.703,2.2976,1.0626,0.1067,537.9106,56.5831,0
count,50,pick_up_mug_006,pick_up_mug_002,50,0.4057,2.5981,0.0,0.0,68.8563,4.9759,0
count,50,pick_up_mug_006,pick_up_mug_003,50,0.4707,2.5426,27.5745,2.7024,89.385,9.034,0
count,50,pick_up_mug_006,pick_up_mug_004,50,0.4665,2.5375,8.2454,0.7483,606.5955,70.3791,0
count,50,pick_up_mug_006,pick_up_mug_005,50,0.6596,2.3486,0.0,0.0,866.5167,107.799,0
count,50,pick_up_mug_006,pick_up_mug_007,50,0.4205,2.5879,34.3048,3.1571,586.6049,63.3687,0
count,50,pick_up_mug_006,pick_up_mug_008,50,0.8325,2.1689,14.3684,1.5254,648.2178,72.3128,0
count,50,pick_up_mug_007,pick_up_mug_001,50,0.8145,2.1925,0.288,0.0345,36.7929,3.9697,0
count,50,pick_up_mug_007,pick_up_mug_002,50,0.4466,2.5553,0.3787,0.0903,527.8624,53.9355,0
count,50,pick_up_mug_007,pick_up_mug_003,50,0.397,2.6031,0.1265,0.0154,613.5604,66.6374,0
count,50,pick_up_mug_007,pick_up_mug_004,50,0.3549,2.6452,4.6794,0.7847,959.9784,119.8436,0
count,50,pick_up_mug_007,pick_up_mug_005,50,0.6676,2.3459,0.0,0.0,1095.0313,160.6024,0
count,50,pick_up_mug_007,pick_up_mug_006,50,0.4514,2.5494,0.0,0.0,529.416,58.1882,0
count,50,pick_up_mug_007,pick_up_mug_008,50,0.6232,2.3769,47.9951,5.0761,244.4362,27.4149,0
count,50,pick_up_mug_008,pick_up_mug_001,50,0.5514,2.4553,6.0026,0.5129,185.973,13.02,0
count,50,pick_up_mug_008,pick_up_mug_002,50,0.4572,2.5459,3.2335,0.3309,629.3691,62.4909,0
count,50,pick_up_mug_008,pick_up_mug_003,50,0.4637,2.5414,0.0,0.0,715.7155,74.9049,0
count,50,pick_up_mug_008,pick_up_mug_004,50,0.4707,2.5304,32.2836,3.0397,1066.4109,128.6391,0
count,50,pick_up_mug_008,pick_up_mug_005,50,0.631,2.3754,9.3037,0.9075,1185.0361,168.5865,0
count,50,pick_up_mug_008,pick_up_mug_006,50,0.6123,2.4029,18.9465,1.8209,601.6363,63.4874,0
count,50,pick_up_mug_008,pick_up_mug_007,50,0.4794,2.5226,0.0,0.0,178.1164,18.9693,0
count,100,pick_up_mug_001,pick_up_mug_002,100,0.7575,2.2526,0.0,0.0,291.5083,31.8199,0
count,100,pick_up_mug_001,pick_up_mug_003,100,0.828,2.1822,39.3136,4.6521,319.244,38.296,0
count,100,pick_up_mug_001,pick_up_mug_004,100,0.7479,2.2572,0.2497,0.0296,691.9397,96.835,0
count,100,pick_up_mug_001,pick_up_mug_005,100,1.3289,1.6786,6.8915,0.8257,827.3678,127.2754,0
count,100,pick_up_mug_001,pick_up_mug_006,100,1.0702,1.9399,11.5772,1.299,216.9498,26.4284,0
count,100,pick_up_mug_001,pick_up_mug_007,100,0.8946,2.107,0.2809,0.0365,217.4392,28.7756,0
count,100,pick_up_mug_001,pick_up_mug_008,100,1.3933,1.6073,0.0,0.0,180.3799,19.248,0
count,100,pick_up_mug_002,pick_up_mug_001,100,1.4276,1.5756,0.0,0.0,613.3605,57.1105,0
count,100,pick_up_mug_002,pick_up_mug_003,100,0.6071,2.3946,0.0,0.0,114.7661,12.63,0
count,100,pick_up_mug_002,pick_up_mug_004,100,0.5849,2.419,19.5115,1.8112,628.6043,66.0147,0
count,100,pick_up_mug_002,pick_up_mug_005,100,1.0371,1.9639,6.3394,0.6348,934.8709,104.4824,0
count,100,pick_up_mug_002,pick_up_mug_006,100,0.7837,2.2192,37.2726,3.5435,88.7483,7.7808,0
count,100,pick_up_mug_002,pick_up_mug_007,100,0.5701,2.4321,0.0,0.0,572.9422,54.3083,0
count,100,pick_up_mug_002,pick_up_mug_008,100,1.4761,1.5312,0.0,0.0,614.1885,59.8316,0
count,100,pick_up_mug_003,pick_up_mug_001,100,1.4823,1.5223,17.5112,1.5852,705.3326,68.0179,0
count,100,pick_up_mug_003,pick_up_mug_002,100,0.5717,2.43,0.0,0.0,120.6554,12.8697,0
count,100,pick_up_mug_003,pick_up_mug_004,100,0.6532,2.3493,43.3798,3.954,536.4622,53.2755,0
count,100,pick_up_mug_003,pick_up_mug_005,100,1.0294,1.9764,0.0,0.0,857.2575,89.4948,0
count,100,pick_up_mug_003,pick_up_mug_006,100,0.9375,2.0652,0.0,0.0,168.3141,15.668,0
count,100,pick_up_mug_003,pick_up_mug_007,100,0.6763,2.3243,0.0,0.0,685.4008,66.8602,0
count,100,pick_up_mug_003,pick_up_mug_008,100,1.4671,1.5357,18.0602,1.6664,723.5433,72.1585,0
count,100,pick_up_mug_004,pick_up_mug_001,100,1.3912,1.6176,0.0,0.0,999.9678,117.419,0
count,100,pick_up_mug_004,pick_up_mug_002,100,0.6831,2.3209,0.0,0.0,624.4403,66.7002,0
count,100,pick_up_mug_004,pick_up_mug_003,100,0.6889,2.314,0.1076,0.0128,522.9085,54.4078,0
count,100,pick_up_mug_004,pick_up_mug_005,100,1.0713,1.9329,0.0,0.0,371.0179,35.7902,0
count,100,pick_up_mug_004,pick_up_mug_006,100,1.208,1.7951,0.0,0.0,746.4153,82.5348,0
count,100,pick_up_mug_004,pick_up_mug_007,100,0.6963,2.3074,1.3395,0.1299,1027.8168,120.4787,0
count,100,pick_up_mug_004,pick_up_mug_008,100,1.2985,1.7116,0.0,0.0,1052.6756,125.6478,0
count,100,pick_up_mug_005,pick_up_mug_001,100,1.5173,1.4832,0.0,0.0,1063.3568,144.3713,0
count,100,pick_up_mug_005,pick_up_mug_002,100,0.9746,2.0261,17.1433,1.8,823.8124,95.7278,0
count,100,pick_up_mug_005,pick_up_mug_003,100,0.9466,2.0613,0.6483,0.0647,765.2278,86.5572,0
count,100,pick_up_mug_005,pick_up_mug_004,100,0.7057,2.3071,0.0,0.0,351.2838,35.2837,0
count,100,pick_up_mug_005,pick_up_mug_006,100,1.3184,1.6892,0.0324,0.0054,944.5477,119.5321,0
count,100,pick_up_mug_005,pick_up_mug_007,100,0.935,2.067,0.0,0.0,1095.277,148.8504,0
count,100,pick_up_mug_005,pick_up_mug_008,100,1.3684,1.6388,0.0031,0.0003,1106.0121,151.6896,0
count,100,pick_up_mug_006,pick_up_mug_001,100,1.4408,1.5597,5.9937,0.5825,543.6628,57.2412,0
count,100,pick_up_mug_006,pick_up_mug_002,100,0.8489,2.1549,0.0,0.0,68.8563,4.9759,0
count,100,pick_up_mug_006,pick_up_mug_003,100,0.9525,2.0608,0.0,0.0,112.4977,11.7321,0
count,100,pick_up_mug_006,pick_up_mug_004,100,0.9001,2.1039,5.7056,0.5128,608.287,70.5924,0
count,100,pick_up_mug_006,pick_up_mug_005,100,1.2798,1.7284,0.0,0.0,866.5167,107.799,0
count,100,pick_up_mug_006,pick_up_mug_007,100,0.7963,2.2122,34.3048,3.1571,586.6049,63.3687,0
count,100,pick_up_mug_006,pick_up_mug_008,100,1.6872,1.3143,14.3684,1.5254,648.2178,72.3128,0
count,100,pick_up_mug_007,pick_up_mug_001,100,1.6236,1.3834,0.0,0.0,36.9284,3.948,0
count,100,pick_up_mug_007,pick_up_mug_002,100,0.8165,2.1853,0.0,0.0,527.539,53.896,0
count,100,pick_up_mug_007,pick_up_mug_003,100,0.7407,2.2594,0.1265,0.0154,613.5604,66.6374,0
count,100,pick_up_mug_007,pick_up_mug_004,100,0.6241,2.376,4.6794,0.7847,959.9784,119.8436,0
count,100,pick_up_mug_007,pick_up_mug_005,100,1.2538,1.7597,0.0,0.0,1095.0313,160.6024,0
count,100,pick_up_mug_007,pick_up_mug_006,100,0.8417,2.1591,0.0,0.0,529.416,58.1882,0
count,100,pick_up_mug_007,pick_up_mug_008,100,1.1934,1.8067,47.9951,5.0761,244.4362,27.4149,0
count,100,pick_up_mug_008,pick_up_mug_001,100,1.0749,1.9317,5.9858,0.5109,185.9409,13.017,0
count,100,pick_up_mug_008,pick_up_mug_002,100,0.8693,2.1339,0.0,0.0,626.9477,62.2225,0
count,100,pick_up_mug_008,pick_up_mug_003,100,0.8918,2.1134,0.0,0.0,715.7155,74.9049,0
count,100,pick_up_mug_008,pick_up_mug_004,100,0.8725,2.1286,32.1704,3.0305,1066.4486,128.6472,0
count,100,pick_up_mug_008,pick_up_mug_005,100,1.1994,1.807,0.6664,0.055,1183.7787,167.6468,0
count,100,pick_up_mug_008,pick_up_mug_006,100,1.1441,1.8711,13.827,1.3355,597.0854,63.0086,0
count,100,pick_up_mug_008,pick_up_mug_007,100,0.9633,2.0387,0.0,0.0,178.1164,18.9693,0
count,200,pick_up_mug_001,pick_up_mug_002,200,1.5166,1.4934,0.0,0.0,291.5083,31.8199,0
count,200,pick_up_mug_001,pick_up_mug_003,200,1.636,1.3742,0.0,0.0,354.5295,42.9147,0
count,200,pick_up_mug_001,pick_up_mug_004,200,1.5192,1.4859,0.0,0.0,691.7888,96.8064,0
count,200,pick_up_mug_001,pick_up_mug_005,200,2.6165,0.391,0.0,0.0,830.2266,128.0946,0
count,200,pick_up_mug_001,pick_up_mug_006,200,2.088,0.9221,7.5733,0.8628,200.4134,24.4576,0
count,200,pick_up_mug_001,pick_up_mug_007,200,1.7771,1.2244,3.3366,0.3435,219.5955,29.0368,0
count,200,pick_up_mug_001,pick_up_mug_008,200,2.7582,0.2424,0.0,0.0,180.3799,19.248,0
count,200,pick_up_mug_002,pick_up_mug_001,200,2.8629,0.1402,0.0,0.0,613.3605,57.1105,0
count,200,pick_up_mug_002,pick_up_mug_003,200,1.2147,1.787,0.0,0.0,114.7661,12.63,0
count,200,pick_up_mug_002,pick_up_mug_004,200,1.1676,1.8363,19.5115,1.8112,628.6043,66.0147,0
count,200,pick_up_mug_002,pick_up_mug_005,200,2.1276,0.8735,17.2205,1.6512,941.7647,105.5268,0
count,200,pick_up_mug_002,pick_up_mug_006,200,1.5627,1.4402,0.0,0.0,65.6466,4.5446,0
count,200,pick_up_mug_002,pick_up_mug_007,200,1.1584,1.8437,0.0,0.0,572.9422,54.3083,0
count,200,pick_up_mug_002,pick_up_mug_008,200,2.9128,0.0945,0.0,0.0,614.1885,59.8316,0
count,200,pick_up_mug_003,pick_up_mug_001,200,2.959,0.0456,0.0,0.0,719.5801,69.5581,0
count,200,pick_up_mug_003,pick_up_mug_002,200,1.1486,1.8531,0.0,0.0,120.6554,12.8697,0
count,200,pick_up_mug_003,pick_up_mug_004,200,1.3056,1.6969,0.0,0.0,573.631,57.1623,0
count,200,pick_up_mug_003,pick_up_mug_005,200,2.0601,0.9457,0.0,0.0,857.2575,89.4948,0
count,200,pick_up_mug_003,pick_up_mug_006,200,1.8241,1.1787,0.0,0.0,168.3141,15.668,0
count,200,pick_up_mug_003,pick_up_mug_007,200,1.3545,1.6461,0.0,0.0,685.4008,66.8602,0
count,200,pick_up_mug_003,pick_up_mug_008,200,2.9379,0.0649,0.0,0.0,709.2067,70.4963,0
count,200,pick_up_mug_004,pick_up_mug_001,200,2.775,0.2339,0.0,0.0,999.9678,117.419,0
count,200,pick_up_mug_004,pick_up_mug_002,200,1.3732,1.6308,0.0,0.0,624.4403,66.7002,0
count,200,pick_up_mug_004,pick_up_mug_003,200,1.3585,1.6444,0.1076,0.0128,522.9085,54.4078,0
count,200,pick_up_mug_004,pick_up_mug_005,200,2.1925,0.8118,0.0,0.0,371.0179,35.7902,0
count,200,pick_up_mug_004,pick_up_mug_006,200,2.4366,0.5665,0.0,0.0,746.4153,82.5348,0
count,200,pick_up_mug_004,pick_up_mug_007,200,1.3838,1.6198,1.3395,0.1299,1027.8168,120.4787,0
count,200,pick_up_mug_004,pick_up_mug_008,200,2.6677,0.3424,0.0,0.0,1052.6756,125.6478,0
count,200,pick_up_mug_005,pick_up_mug_001,197,3.0006,0.0,0.0,0.0,1063.3568,144.3713,0
count,200,pick_up_mug_005,pick_up_mug_002,200,1.8931,1.1076,0.0,0.0,812.7315,93.9982,0
count,200,pick_up_mug_005,pick_up_mug_003,200,1.8601,1.1477,0.0,0.0,765.6811,86.6219,0
count,200,pick_up_mug_005,pick_up_mug_004,200,1.4227,1.5901,0.0,0.0,351.2838,35.2837,0
count,200,pick_up_mug_005,pick_up_mug_006,200,2.644,0.3636,0.0324,0.0054,944.5477,119.5321,0
count,200,pick_up_mug_005,pick_up_mug_007,200,1.8436,1.1584,0.0,0.0,1095.277,148.8504,0
count,200,pick_up_mug_005,pick_up_mug_008,200,2.7881,0.2191,0.0,0.0,1106.0124,151.6897,0
count,200,pick_up_mug_006,pick_up_mug_001,200,2.922,0.0786,0.0,0.0,538.817,56.6872,0
count,200,pick_up_mug_006,pick_up_mug_002,200,1.7863,1.2175,0.0,0.0,68.8563,4.9759,0
count,200,pick_up_mug_006,pick_up_mug_003,200,1.9588,1.0545,0.0,0.0,112.4977,11.7321,0
count,200,pick_up_mug_006,pick_up_mug_004,200,1.844,1.16,2.8934,0.2421,610.3903,70.8621,0
count,200,pick_up_mug_006,pick_up_mug_005,200,2.5969,0.4113,0.0,0.0,866.5167,107.799,0
count,200,pick_up_mug_006,pick_up_mug_007,200,1.6526,1.3559,34.2,3.1484,586.5825,63.3658,0
count,200,pick_up_mug_006,pick_up_mug_008,177,3.0014,0.0,0.0,0.0,637.7636,70.9187,0
count,200,pick_up_mug_007,pick_up_mug_001,183,3.007,0.0,0.0,0.0,36.9284,3.948,0
count,200,pick_up_mug_007,pick_up_mug_002,200,1.6767,1.3251,0.0,0.0,527.539,53.896,0
count,200,pick_up_mug_007,pick_up_mug_003,200,1.4899,1.5102,0.1079,0.0134,613.5679,66.6383,0
count,200,pick_up_mug_007,pick_up_mug_004,200,1.2607,1.7394,4.9777,0.719,959.7093,119.799,0
count,200,pick_up_mug_007,pick_up_mug_005,200,2.5888,0.4247,0.0,0.0,1095.0313,160.6024,0
count,200,pick_up_mug_007,pick_up_mug_006,200,1.7185,1.2823,0.0,0.0,529.416,58.1882,0
count,200,pick_up_mug_007,pick_up_mug_008,200,2.4127,0.5874,0.0,0.0,289.2235,32.4053,0
count,200,pick_up_mug_008,pick_up_mug_001,200,2.1338,0.8729,1.1058,0.1003,183.3601,12.7174,0
count,200,pick_up_mug_008,pick_up_mug_002,200,1.7482,1.255,0.0,0.0,626.9477,62.2225,0
count,200,pick_up_mug_008,pick_up_mug_003,200,1.7719,1.2332,0.0,0.0,715.7155,74.9049,0
count,200,pick_up_mug_008,pick_up_mug_004,200,1.7781,1.223,0.0,0.0,1080.0128,131.6659,0
count,200,pick_up_mug_008,pick_up_mug_005,200,2.4342,0.5723,0.0,0.0,1183.8234,167.681,0
count,200,pick_up_mug_008,pick_up_mug_006,200,2.2767,0.7385,0.0,0.0,584.525,61.6764,0
count,200,pick_up_mug_008,pick_up_mug_007,200,1.9482,1.0538,0.0,0.0,178.1164,18.9693,0
count,400,pick_up_mug_001,pick_up_mug_002,400,2.9515,0.0585,0.0,0.0,291.5083,31.8199,0
count,400,pick_up_mug_001,pick_up_mug_003,370,3.0102,0.0,0.0,0.0,354.5295,42.9147,0
count,400,pick_up_mug_001,pick_up_mug_004,400,2.9586,0.0464,0.0,0.0,691.7888,96.8064,0
count,400,pick_up_mug_001,pick_up_mug_005,231,3.0075,0.0,0.0,0.0,830.2266,128.0946,0
count,400,pick_up_mug_001,pick_up_mug_006,291,3.0101,0.0,0.0,0.0,207.0186,25.289,0
count,400,pick_up_mug_001,pick_up_mug_007,341,3.0015,0.0,0.0,0.0,217.2055,28.7452,0
count,400,pick_up_mug_001,pick_up_mug_008,218,3.0006,0.0,0.0,0.0,180.3799,19.248,0
count,400,pick_up_mug_002,pick_up_mug_001,210,3.0031,0.0,0.0,0.0,613.3605,57.1105,0
count,400,pick_up_mug_002,pick_up_mug_003,400,2.3784,0.6233,0.0,0.0,114.7661,12.63,0
count,400,pick_up_mug_002,pick_up_mug_004,400,2.3142,0.6897,0.0,0.0,644.101,67.7603,0
count,400,pick_up_mug_002,pick_up_mug_005,285,3.001,0.0,0.0,0.0,930.7891,103.8849,0
count,400,pick_up_mug_002,pick_up_mug_006,395,3.0029,0.0,0.0,0.0,65.6466,4.5446,0
count,400,pick_up_mug_002,pick_up_mug_007,400,2.3072,0.695,0.0,0.0,572.9422,54.3083,0
count,400,pick_up_mug_002,pick_up_mug_008,207,3.0073,0.0,0.0,0.0,614.1885,59.8316,0
count,400,pick_up_mug_003,pick_up_mug_001,203,3.0046,0.0,0.0,0.0,719.5801,69.5581,0
count,400,pick_up_mug_003,pick_up_mug_002,400,2.247,0.7546,0.0,0.0,120.6554,12.8697,0
count,400,pick_up_mug_003,pick_up_mug_004,400,2.5726,0.43,0.0,0.0,573.631,57.1623,0
count,400,pick_up_mug_003,pick_up_mug_005,293,3.0058,0.0,0.0,0.0,857.2575,89.4948,0
count,400,pick_up_mug_003,pick_up_mug_006,328,3.0028,0.0,0.0,0.0,168.3141,15.668,0
count,400,pick_up_mug_003,pick_up_mug_007,400,2.6893,0.3113,0.0,0.0,685.4008,66.8602,0
count,400,pick_up_mug_003,pick_up_mug_008,204,3.0028,0.0,0.0,0.0,709.2067,70.4963,0
count,400,pick_up_mug_004,pick_up_mug_001,217,3.0089,0.0,0.0,0.0,999.9678,117.419,0
count,400,pick_up_mug_004,pick_up_mug_002,400,2.7179,0.2861,0.0,0.0,624.4403,66.7002,0
count,400,pick_up_mug_004,pick_up_mug_003,400,2.6913,0.3116,0.0,0.0,523.0021,54.4176,0
count,400,pick_up_mug_004,pick_up_mug_005,274,3.0042,0.0,0.0,0.0,371.0179,35.7902,0
count,400,pick_up_mug_004,pick_up_mug_006,245,3.0031,0.0,0.0,0.0,746.4153,82.5348,0
count,400,pick_up_mug_004,pick_up_mug_007,400,2.8081,0.1956,0.0,0.0,1027.1902,120.3541,0
count,400,pick_up_mug_004,pick_up_mug_008,226,3.0101,0.0,0.0,0.0,1052.6756,125.6478,0
count,400,pick_up_mug_005,pick_up_mug_001,197,3.0006,0.0,0.0,0.0,1063.3568,144.3713,0
count,400,pick_up_mug_005,pick_up_mug_002,315,3.0007,0.0,0.0,0.0,812.7315,93.9982,0
count,400,pick_up_mug_005,pick_up_mug_003,322,3.0078,0.0,0.0,0.0,765.6811,86.6219,0
count,400,pick_up_mug_005,pick_up_mug_004,400,2.8548,0.158,0.0,0.0,351.2838,35.2837,0
count,400,pick_up_mug_005,pick_up_mug_006,229,3.0076,0.0,0.0,0.0,944.553,119.533,0
count,400,pick_up_mug_005,pick_up_mug_007,326,3.002,0.0,0.0,0.0,1095.277,148.8504,0
count,400,pick_up_mug_005,pick_up_mug_008,214,3.0072,0.0,0.0,0.0,1106.0124,151.6897,0
count,400,pick_up_mug_006,pick_up_mug_001,205,3.0006,0.0,0.0,0.0,538.817,56.6872,0
count,400,pick_up_mug_006,pick_up_mug_002,330,3.0038,0.0,0.0,0.0,68.8563,4.9759,0
count,400,pick_up_mug_006,pick_up_mug_003,302,3.0133,0.0,0.0,0.0,112.4977,11.7321,0
count,400,pick_up_mug_006,pick_up_mug_004,322,3.004,0.0,0.0,0.0,611.77,71.0408,0
count,400,pick_up_mug_006,pick_up_mug_005,231,3.0082,0.0,0.0,0.0,866.5167,107.799,0
count,400,pick_up_mug_006,pick_up_mug_007,359,3.0085,0.0,0.0,0.0,567.7832,61.1442,0
count,400,pick_up_mug_006,pick_up_mug_008,177,3.0014,0.0,0.0,0.0,637.7636,70.9187,0
count,400,pick_up_mug_007,pick_up_mug_001,183,3.007,0.0,0.0,0.0,36.9284,3.948,0
count,400,pick_up_mug_007,pick_up_mug_002,362,3.0018,0.0,0.0,0.0,527.539,53.896,0
count,400,pick_up_mug_007,pick_up_mug_003,399,3.0001,0.0,0.0,0.0,613.6117,66.6443,0
count,400,pick_up_mug_007,pick_up_mug_004,400,2.6063,0.3938,0.0,0.0,960.5573,119.9679,0
count,400,pick_up_mug_007,pick_up_mug_005,233,3.0135,0.0,0.0,0.0,1095.0313,160.6024,0
count,400,pick_up_mug_007,pick_up_mug_006,350,3.0008,0.0,0.0,0.0,529.416,58.1882,0
count,400,pick_up_mug_007,pick_up_mug_008,255,3.0001,0.0,0.0,0.0,289.2235,32.4053,0
count,400,pick_up_mug_008,pick_up_mug_001,280,3.0067,0.0,0.0,0.0,182.5065,12.627,0
count,400,pick_up_mug_008,pick_up_mug_002,345,3.0031,0.0,0.0,0.0,626.9477,62.2225,0
count,400,pick_up_mug_008,pick_up_mug_003,342,3.0051,0.0,0.0,0.0,715.7155,74.9049,0
count,400,pick_up_mug_008,pick_up_mug_004,339,3.0011,0.0,0.0,0.0,1080.0128,131.6659,0
count,400,pick_up_mug_008,pick_up_mug_005,249,3.0064,0.0,0.0,0.0,1183.8234,167.681,0
count,400,pick_up_mug_008,pick_up_mug_006,265,3.0152,0.0,0.0,0.0,584.525,61.6764,0
count,400,pick_up_mug_008,pick_up_mug_007,311,3.002,0.0,0.0,0.0,178.1164,18.9693,0
count,800,pick_up_mug_001,pick_up_mug_002,407,3.01,0.0,0.0,0.0,291.5083,31.8199,0
count,800,pick_up_mug_001,pick_up_mug_003,370,3.0102,0.0,0.0,0.0,354.5295,42.9147,0
count,800,pick_up_mug_001,pick_up_mug_004,406,3.0051,0.0,0.0,0.0,691.7888,96.8064,0
count,800,pick_up_mug_001,pick_up_mug_005,231,3.0075,0.0,0.0,0.0,830.2266,128.0946,0
count,800,pick_up_mug_001,pick_up_mug_006,291,3.0101,0.0,0.0,0.0,207.0186,25.289,0
count,800,pick_up_mug_001,pick_up_mug_007,341,3.0015,0.0,0.0,0.0,217.2055,28.7452,0
count,800,pick_up_mug_001,pick_up_mug_008,218,3.0006,0.0,0.0,0.0,180.3799,19.248,0
count,800,pick_up_mug_002,pick_up_mug_001,210,3.0031,0.0,0.0,0.0,613.3605,57.1105,0
count,800,pick_up_mug_002,pick_up_mug_003,500,3.0017,0.0,0.0,0.0,114.7661,12.63,0
count,800,pick_up_mug_002,pick_up_mug_004,514,3.0039,0.0,0.0,0.0,644.101,67.7603,0
count,800,pick_up_mug_002,pick_up_mug_005,285,3.001,0.0,0.0,0.0,930.7891,103.8849,0
count,800,pick_up_mug_002,pick_up_mug_006,395,3.0029,0.0,0.0,0.0,65.6466,4.5446,0
count,800,pick_up_mug_002,pick_up_mug_007,515,3.0022,0.0,0.0,0.0,572.9422,54.3083,0
count,800,pick_up_mug_002,pick_up_mug_008,207,3.0073,0.0,0.0,0.0,614.1885,59.8316,0
count,800,pick_up_mug_003,pick_up_mug_001,203,3.0046,0.0,0.0,0.0,719.5801,69.5581,0
count,800,pick_up_mug_003,pick_up_mug_002,528,3.0017,0.0,0.0,0.0,120.6554,12.8697,0
count,800,pick_up_mug_003,pick_up_mug_004,464,3.0026,0.0,0.0,0.0,573.631,57.1623,0
count,800,pick_up_mug_003,pick_up_mug_005,293,3.0058,0.0,0.0,0.0,857.2575,89.4948,0
count,800,pick_up_mug_003,pick_up_mug_006,328,3.0028,0.0,0.0,0.0,168.3141,15.668,0
count,800,pick_up_mug_003,pick_up_mug_007,443,3.0006,0.0,0.0,0.0,685.4008,66.8602,0
count,800,pick_up_mug_003,pick_up_mug_008,204,3.0028,0.0,0.0,0.0,709.2067,70.4963,0
count,800,pick_up_mug_004,pick_up_mug_001,217,3.0089,0.0,0.0,0.0,999.9678,117.419,0
count,800,pick_up_mug_004,pick_up_mug_002,438,3.004,0.0,0.0,0.0,624.4403,66.7002,0
count,800,pick_up_mug_004,pick_up_mug_003,444,3.0029,0.0,0.0,0.0,523.0021,54.4176,0
count,800,pick_up_mug_004,pick_up_mug_005,274,3.0042,0.0,0.0,0.0,371.0179,35.7902,0
count,800,pick_up_mug_004,pick_up_mug_006,245,3.0031,0.0,0.0,0.0,746.4153,82.5348,0
count,800,pick_up_mug_004,pick_up_mug_007,423,3.0037,0.0,0.0,0.0,1027.1902,120.3541,0
count,800,pick_up_mug_004,pick_up_mug_008,226,3.0101,0.0,0.0,0.0,1052.6756,125.6478,0
count,800,pick_up_mug_005,pick_up_mug_001,197,3.0006,0.0,0.0,0.0,1063.3568,144.3713,0
count,800,pick_up_mug_005,pick_up_mug_002,315,3.0007,0.0,0.0,0.0,812.7315,93.9982,0
count,800,pick_up_mug_005,pick_up_mug_003,322,3.0078,0.0,0.0,0.0,765.6811,86.6219,0
count,800,pick_up_mug_005,pick_up_mug_004,418,3.0128,0.0,0.0,0.0,351.2838,35.2837,0
count,800,pick_up_mug_005,pick_up_mug_006,229,3.0076,0.0,0.0,0.0,944.553,119.533,0
count,800,pick_up_mug_005,pick_up_mug_007,326,3.002,0.0,0.0,0.0,1095.277,148.8504,0
count,800,pick_up_mug_005,pick_up_mug_008,214,3.0072,0.0,0.0,0.0,1106.0124,151.6897,0
count,800,pick_up_mug_006,pick_up_mug_001,205,3.0006,0.0,0.0,0.0,538.817,56.6872,0
count,800,pick_up_mug_006,pick_up_mug_002,330,3.0038,0.0,0.0,0.0,68.8563,4.9759,0
count,800,pick_up_mug_006,pick_up_mug_003,302,3.0133,0.0,0.0,0.0,112.4977,11.7321,0
count,800,pick_up_mug_006,pick_up_mug_004,322,3.004,0.0,0.0,0.0,611.77,71.0408,0
count,800,pick_up_mug_006,pick_up_mug_005,231,3.0082,0.0,0.0,0.0,866.5167,107.799,0
count,800,pick_up_mug_006,pick_up_mug_007,359,3.0085,0.0,0.0,0.0,567.7832,61.1442,0
count,800,pick_up_mug_006,pick_up_mug_008,177,3.0014,0.0,0.0,0.0,637.7636,70.9187,0
count,800,pick_up_mug_007,pick_up_mug_001,183,3.007,0.0,0.0,0.0,36.9284,3.948,0
count,800,pick_up_mug_007,pick_up_mug_002,362,3.0018,0.0,0.0,0.0,527.539,53.896,0
count,800,pick_up_mug_007,pick_up_mug_003,399,3.0001,0.0,0.0,0.0,613.6117,66.6443,0
count,800,pick_up_mug_007,pick_up_mug_004,451,3.0001,0.0,0.0,0.0,960.5573,119.9679,0
count,800,pick_up_mug_007,pick_up_mug_005,233,3.0135,0.0,0.0,0.0,1095.0313,160.6024,0
count,800,pick_up_mug_007,pick_up_mug_006,350,3.0008,0.0,0.0,0.0,529.416,58.1882,0
count,800,pick_up_mug_007,pick_up_mug_008,255,3.0001,0.0,0.0,0.0,289.2235,32.4053,0
count,800,pick_up_mug_008,pick_up_mug_001,280,3.0067,0.0,0.0,0.0,182.5065,12.627,0
count,800,pick_up_mug_008,pick_up_mug_002,345,3.0031,0.0,0.0,0.0,626.9477,62.2225,0
count,800,pick_up_mug_008,pick_up_mug_003,342,3.0051,0.0,0.0,0.0,715.7155,74.9049,0
count,800,pick_up_mug_008,pick_up_mug_004,339,3.0011,0.0,0.0,0.0,1080.0128,131.6659,0
count,800,pick_up_mug_008,pick_up_mug_005,249,3.0064,0.0,0.0,0.0,1183.8234,167.681,0
count,800,pick_up_mug_008,pick_up_mug_006,265,3.0152,0.0,0.0,0.0,584.525,61.6764,0
count,800,pick_up_mug_008,pick_up_mug_007,311,3.002,0.0,0.0,0.0,178.1164,18.9693,0
usable,1,pick_up_mug_001,pick_up_mug_002,1,0.0072,3.0029,51.9097,6.1825,243.5636,25.6642,0
usable,1,pick_up_mug_001,pick_up_mug_003,1,0.0081,3.0021,39.2335,4.6438,319.3041,38.3037,0
usable,1,pick_up_mug_001,pick_up_mug_004,1,0.0074,2.9977,45.2171,5.342,663.239,91.4913,0
usable,1,pick_up_mug_001,pick_up_mug_005,1,0.0133,2.9941,28.6244,3.4195,818.0776,124.6981,0
usable,1,pick_up_mug_001,pick_up_mug_006,1,0.0114,2.9988,82.0972,9.7673,287.1889,34.8968,0
usable,1,pick_up_mug_001,pick_up_mug_007,1,0.0073,2.9942,1.4193,0.1237,216.8742,28.717,0
usable,1,pick_up_mug_001,pick_up_mug_008,1,0.0158,2.9848,14.6102,1.7061,192.6984,20.9339,0
usable,1,pick_up_mug_002,pick_up_mug_001,1,0.0161,2.987,18.6403,1.7455,596.8584,55.3831,0
usable,1,pick_up_mug_002,pick_up_mug_003,1,0.0067,2.995,2.126,0.2009,116.4477,12.8011,0
usable,1,pick_up_mug_002,pick_up_mug_004,1,0.0074,2.9965,22.0457,2.0063,627.6882,65.9125,0
usable,1,pick_up_mug_002,pick_up_mug_005,1,0.0145,2.9866,20.713,1.9997,943.958,105.8586,0
usable,1,pick_up_mug_002,pick_up_mug_006,1,0.0085,2.9944,56.7726,5.4042,104.5956,9.5978,0
usable,1,pick_up_mug_002,pick_up_mug_007,1,0.0069,2.9953,3.0865,0.3019,570.3546,54.013,0
usable,1,pick_up_mug_002,pick_up_mug_008,1,0.0169,2.9904,552.6052,55.0763,79.8004,5.2897,0
usable,1,pick_up_mug_003,pick_up_mug_001,1,0.0161,2.9885,17.9902,1.6301,704.9152,67.9725,0
usable,1,pick_up_mug_003,pick_up_mug_002,1,0.0062,2.9955,1.3198,0.1083,120.4293,12.8445,0
usable,1,pick_up_mug_003,pick_up_mug_004,1,0.0078,2.9947,43.4043,3.9559,536.4469,53.2742,0
usable,1,pick_up_mug_003,pick_up_mug_005,1,0.0101,2.9957,6.9448,0.6253,852.6833,88.8969,0
usable,1,pick_up_mug_003,pick_up_mug_006,1,0.0103,2.9925,130.0531,11.9924,52.3824,3.9851,0
usable,1,pick_up_mug_003,pick_up_mug_007,1,0.0063,2.9942,0.4758,0.0508,685.1924,66.8376,0
usable,1,pick_up_mug_003,pick_up_mug_008,1,0.0167,2.9862,585.6553,56.8591,161.0961,13.7084,0
usable,1,pick_up_mug_004,pick_up_mug_001,1,0.0182,2.9906,0.0,0.0,999.9678,117.419,0
usable,1,pick_up_mug_004,pick_up_mug_002,1,0.0073,2.9967,9.8116,0.9276,618.0273,65.9231,0
usable,1,pick_up_mug_004,pick_up_mug_003,1,0.0067,2.9962,10.2313,0.9871,514.0553,53.4373,0
usable,1,pick_up_mug_004,pick_up_mug_005,1,0.0146,2.9897,7.0072,0.5605,373.5697,36.0635,0
usable,1,pick_up_mug_004,pick_up_mug_006,1,0.0136,2.9895,9.8463,0.7092,742.3921,82.0394,0
usable,1,pick_up_mug_004,pick_up_mug_007,1,0.0065,2.9972,9.2772,0.8335,1024.1429,119.7853,0
usable,1,pick_up_mug_004,pick_up_mug_008,1,0.0172,2.9929,528.3254,53.2897,705.329,72.6249,0
usable,1,pick_up_mug_005,pick_up_mug_001,1,0.0161,2.9844,1.0726,0.1021,1063.0342,144.2727,0
usable,1,pick_up_mug_005,pick_up_mug_002,1,0.007,2.9937,49.8453,4.9426,780.147,89.1399,0
usable,1,pick_up_mug_005,pick_up_mug_003,1,0.007,3.0009,98.9175,9.9374,691.7708,76.7083,0
usable,1,pick_up_mug_005,pick_up_mug_004,1,0.0094,3.0034,11.1271,1.1176,340.8349,34.1723,0
usable,1,pick_up_mug_005,pick_up_mug_006,1,0.0141,2.9935,0.8871,0.089,944.0912,119.4456,0
usable,1,pick_up_mug_005,pick_up_mug_007,1,0.0061,2.9959,58.7259,5.9298,1078.7431,142.9889,0
usable,1,pick_up_mug_005,pick_up_mug_008,1,0.0174,2.9898,527.4058,55.5007,859.6083,96.5267,0
usable,1,pick_up_mug_006,pick_up_mug_001,1,0.0167,2.9839,11.7639,1.1694,528.8881,55.5504,0
usable,1,pick_up_mug_006,pick_up_mug_002,1,0.0131,2.9908,52.3621,5.2073,99.9509,9.7534,0
usable,1,pick_up_mug_006,pick_up_mug_003,1,0.0142,2.9991,86.7623,8.5553,50.8486,3.1973,0
usable,1,pick_up_mug_006,pick_up_mug_004,1,0.0149,2.9891,13.3835,1.2393,603.0491,69.9269,0
usable,1,pick_up_mug_006,pick_up_mug_005,1,0.0168,2.9914,23.0504,2.2922,879.2532,110.031,0
usable,1,pick_up_mug_006,pick_up_mug_007,1,0.0151,2.9934,33.3781,3.0705,586.1857,63.3011,0
usable,1,pick_up_mug_006,pick_up_mug_008,1,0.0188,2.9827,426.9606,60.8741,523.1981,58.9066,0
usable,1,pick_up_mug_007,pick_up_mug_001,1,0.019,2.988,442.0287,46.3174,445.8601,48.4451,0
usable,1,pick_up_mug_007,pick_up_mug_002,1,0.0157,2.9861,331.7847,55.9949,259.3031,40.2364,0
usable,1,pick_up_mug_007,pick_up_mug_003,1,0.0157,2.9844,315.796,56.2357,348.7815,47.0099,0
usable,1,pick_up_mug_007,pick_up_mug_004,1,0.0126,2.9875,302.3688,55.5872,788.6599,91.6965,0
usable,1,pick_up_mug_007,pick_up_mug_005,1,0.0198,2.9937,406.1695,42.6951,1016.8233,168.9667,0
usable,1,pick_up_mug_007,pick_up_mug_006,1,0.0166,2.9842,517.2067,75.6352,78.2001,48.0346,0
usable,1,pick_up_mug_007,pick_up_mug_008,1,0.0177,2.9824,72.2131,7.5763,220.7314,24.8802,0
usable,1,pick_up_mug_008,pick_up_mug_001,1,0.0165,2.9902,5.9229,0.5057,185.9353,13.014,0
usable,1,pick_up_mug_008,pick_up_mug_002,1,0.0141,2.989,3.2543,0.3335,629.3788,62.4922,0
usable,1,pick_up_mug_008,pick_up_mug_003,1,0.0106,2.9945,4.7008,0.4844,719.5229,75.3592,0
usable,1,pick_up_mug_008,pick_up_mug_004,1,0.0091,2.992,32.1997,3.0328,1066.4403,128.6452,0
usable,1,pick_up_mug_008,pick_up_mug_005,1,0.0156,2.9908,20.6619,1.9862,1186.3534,169.6558,0
usable,1,pick_up_mug_008,pick_up_mug_006,1,0.0144,3.0008,76.0697,7.3497,652.9303,69.0136,0
usable,1,pick_up_mug_008,pick_up_mug_007,1,0.0087,2.9933,106.3125,10.5677,73.1916,8.6964,0
usable,2,pick_up_mug_001,pick_up_mug_002,2,0.0145,2.9956,51.9133,6.1829,243.56,25.6638,0
usable,2,pick_up_mug_001,pick_up_mug_003,2,0.0165,2.9937,39.2335,4.6438,319.3041,38.3037,0
usable,2,pick_up_mug_001,pick_up_mug_004,2,0.0144,2.9906,45.2115,5.341,663.2482,91.4922,0
usable,2,pick_up_mug_001,pick_up_mug_005,2,0.0279,2.9796,28.6244,3.4195,818.0776,124.6981,0
usable,2,pick_up_mug_001,pick_up_mug_006,2,0.0244,2.9858,74.3814,8.8756,279.8531,34.0433,0
usable,2,pick_up_mug_001,pick_up_mug_007,2,0.0162,2.9853,1.0476,0.1249,218.1032,28.8636,0
usable,2,pick_up_mug_001,pick_up_mug_008,2,0.031,2.9696,8.6952,1.0586,188.0168,20.2772,0
usable,2,pick_up_mug_002,pick_up_mug_001,2,0.0324,2.9708,18.6403,1.7455,596.8584,55.3831,0
usable,2,pick_up_mug_002,pick_up_mug_003,2,0.0136,2.9881,2.09,0.1972,116.432,12.7991,0
usable,2,pick_up_mug_002,pick_up_mug_004,2,0.0135,2.9904,22.0673,2.0079,627.6773,65.9112,0
usable,2,pick_up_mug_002,pick_up_mug_005,2,0.02,2.981,20.713,1.9997,943.958,105.8586,0
usable,2,pick_up_mug_002,pick_up_mug_006,2,0.0174,2.9855,56.7726,5.4042,104.5956,9.5978,0
usable,2,pick_up_mug_002,pick_up_mug_007,2,0.0134,2.9888,3.0865,0.3019,570.3546,54.013,0
usable,2,pick_up_mug_002,pick_up_mug_008,2,0.0334,2.9739,552.6052,55.0763,79.8004,5.2897,0
usable,2,pick_up_mug_003,pick_up_mug_001,2,0.0319,2.9727,17.9902,1.6301,704.9152,67.9725,0
usable,2,pick_up_mug_003,pick_up_mug_002,2,0.0125,2.9891,1.1821,0.0964,120.4843,12.8505,0
usable,2,pick_up_mug_003,pick_up_mug_004,2,0.0137,2.9888,43.3852,3.9543,536.4592,53.2753,0
usable,2,pick_up_mug_003,pick_up_mug_005,2,0.0219,2.9839,6.9448,0.6253,852.6833,88.8969,0
usable,2,pick_up_mug_003,pick_up_mug_006,2,0.0232,2.9795,16.3922,1.5376,184.2791,17.1599,0
usable,2,pick_up_mug_003,pick_up_mug_007,2,0.0157,2.9849,0.0333,0.0037,685.3862,66.8585,0
usable,2,pick_up_mug_003,pick_up_mug_008,2,0.0331,2.9697,585.4642,56.8393,161.2999,13.7285,0
usable,2,pick_up_mug_004,pick_up_mug_001,2,0.0342,2.9747,0.0,0.0,999.9678,117.419,0
usable,2,pick_up_mug_004,pick_up_mug_002,2,0.0158,2.9882,9.8116,0.9276,618.0273,65.9231,0
usable,2,pick_up_mug_004,pick_up_mug_003,2,0.0146,2.9883,10.2313,0.9871,514.0553,53.4373,0
usable,2,pick_up_mug_004,pick_up_mug_005,2,0.0233,2.9809,7.0079,0.5605,373.5684,36.0634,0
usable,2,pick_up_mug_004,pick_up_mug_006,2,0.0267,2.9763,9.9624,0.7565,741.6153,81.9455,0
usable,2,pick_up_mug_004,pick_up_mug_007,2,0.0194,2.9843,12.3697,1.1774,1033.0783,121.5134,0
usable,2,pick_up_mug_004,pick_up_mug_008,2,0.0342,2.9759,528.3254,53.2897,705.329,72.6249,0
usable,2,pick_up_mug_005,pick_up_mug_001,2,0.0324,2.9682,1.0726,0.1021,1063.0342,144.2727,0
usable,2,pick_up_mug_005,pick_up_mug_002,2,0.0193,2.9813,49.831,4.9416,780.1536,89.1407,0
usable,2,pick_up_mug_005,pick_up_mug_003,2,0.0194,2.9884,43.7413,4.3893,733.7325,82.244,0
usable,2,pick_up_mug_005,pick_up_mug_004,2,0.0153,2.9975,9.4517,0.9496,342.4022,34.3387,0
usable,2,pick_up_mug_005,pick_up_mug_006,2,0.024,2.9836,0.8871,0.089,944.0912,119.4456,0
usable,2,pick_up_mug_005,pick_up_mug_007,2,0.0193,2.9827,77.0121,7.8088,1113.0399,156.59,0
usable,2,pick_up_mug_005,pick_up_mug_008,2,0.0259,2.9813,0.0414,0.0069,1106.0184,151.6922,0
usable,2,pick_up_mug_006,pick_up_mug_001,2,0.0337,2.9669,5.1046,0.5062,534.5761,56.2024,0
usable,2,pick_up_mug_006,pick_up_mug_002,2,0.028,2.9758,52.3621,5.2073,99.9509,9.7534,0
usable,2,pick_up_mug_006,pick_up_mug_003,2,0.0298,2.9835,86.7623,8.5553,50.8486,3.1973,0
usable,2,pick_up_mug_006,pick_up_mug_004,2,0.0259,2.9781,13.3835,1.2393,603.0491,69.9269,0
usable,2,pick_up_mug_006,pick_up_mug_005,2,0.0331,2.9751,23.0504,2.2922,879.2532,110.031,0
usable,2,pick_up_mug_006,pick_up_mug_007,2,0.0299,2.9785,33.3781,3.0705,586.1857,63.3011,0
usable,2,pick_up_mug_006,pick_up_mug_008,2,0.0377,2.9638,426.9606,60.8741,523.1981,58.9066,0
usable,2,pick_up_mug_007,pick_up_mug_001,2,0.0385,2.9686,416.5651,43.2056,419.198,45.2039,0
usable,2,pick_up_mug_007,pick_up_mug_002,2,0.0319,2.9699,331.7847,55.9949,259.3031,40.2364,0
usable,2,pick_up_mug_007,pick_up_mug_003,2,0.0323,2.9678,315.796,56.2357,348.7815,47.0099,0
usable,2,pick_up_mug_007,pick_up_mug_004,2,0.0296,2.9705,302.3688,55.5872,788.6599,91.6965,0
usable,2,pick_up_mug_007,pick_up_mug_005,2,0.0364,2.9772,11.5205,1.1823,1096.9535,161.7609,0
usable,2,pick_up_mug_007,pick_up_mug_006,2,0.022,2.9788,0.0,0.0,529.416,58.1882,0
usable,2,pick_up_mug_007,pick_up_mug_008,2,0.0279,2.9722,58.3371,6.1421,234.3619,26.3443,0
usable,2,pick_up_mug_008,pick_up_mug_001,2,0.031,2.9757,6.0026,0.5129,185.973,13.02,0
usable,2,pick_up_mug_008,pick_up_mug_002,2,0.0212,2.982,3.2543,0.3335,629.3788,62.4922,0
usable,2,pick_up_mug_008,pick_up_mug_003,2,0.0178,2.9873,4.7325,0.4911,719.5356,75.3634,0
usable,2,pick_up_mug_008,pick_up_mug_004,2,0.0161,2.985,32.2883,3.04,1066.4078,128.6388,0
usable,2,pick_up_mug_008,pick_up_mug_005,2,0.0255,2.981,19.8234,1.9066,1186.2648,169.5773,0
usable,2,pick_up_mug_008,pick_up_mug_006,2,0.0288,2.9864,34.4618,3.3212,615.6789,64.9863,0
usable,2,pick_up_mug_008,pick_up_mug_007,2,0.0165,2.9855,106.3125,10.5677,73.1916,8.6964,0
usable,3,pick_up_mug_001,pick_up_mug_002,3,0.0233,2.9867,51.9136,6.1829,243.5596,25.6637,0
usable,3,pick_up_mug_001,pick_up_mug_003,3,0.0264,2.9838,39.2335,4.6438,319.3041,38.3037,0
usable,3,pick_up_mug_001,pick_up_mug_004,3,0.0229,2.9821,45.2112,5.341,663.2485,91.4922,0
usable,3,pick_up_mug_001,pick_up_mug_005,3,0.0423,2.9652,28.6244,3.4195,818.0776,124.6981,0
usable,3,pick_up_mug_001,pick_up_mug_006,3,0.0334,2.9767,74.3814,8.8756,279.8531,34.0433,0
usable,3,pick_up_mug_001,pick_up_mug_007,3,0.0261,2.9754,1.1364,0.1327,218.1788,28.8713,0
usable,3,pick_up_mug_001,pick_up_mug_008,3,0.0478,2.9528,8.2478,0.9896,187.5409,20.2187,0
usable,3,pick_up_mug_002,pick_up_mug_001,3,0.0472,2.9559,18.6403,1.7455,596.8584,55.3831,0
usable,3,pick_up_mug_002,pick_up_mug_003,3,0.0193,2.9824,0.0,0.0,114.7661,12.63,0
usable,3,pick_up_mug_002,pick_up_mug_004,3,0.0198,2.9841,22.0673,2.0079,627.6773,65.9112,0
usable,3,pick_up_mug_002,pick_up_mug_005,3,0.0318,2.9692,20.713,1.9997,943.958,105.8586,0
usable,3,pick_up_mug_002,pick_up_mug_006,3,0.027,2.9759,56.7726,5.4042,104.5956,9.5978,0
usable,3,pick_up_mug_002,pick_up_mug_007,3,0.0188,2.9833,3.0865,0.3019,570.3546,54.013,0
usable,3,pick_up_mug_002,pick_up_mug_008,4,0.048,2.9594,26.6571,2.5749,636.4442,62.3901,0
usable,3,pick_up_mug_003,pick_up_mug_001,3,0.0467,2.9579,17.9902,1.6301,704.9152,67.9725,0
usable,3,pick_up_mug_003,pick_up_mug_002,3,0.0197,2.982,1.1312,0.0922,120.5045,12.8527,0
usable,3,pick_up_mug_003,pick_up_mug_004,3,0.0205,2.982,43.3852,3.9543,536.4592,53.2753,0
usable,3,pick_up_mug_003,pick_up_mug_005,3,0.0341,2.9717,6.9448,0.6253,852.6833,88.8969,0
usable,3,pick_up_mug_003,pick_up_mug_006,3,0.0285,2.9743,12.6729,1.168,180.8867,16.833,0
usable,3,pick_up_mug_003,pick_up_mug_007,3,0.0226,2.978,0.0123,0.0011,685.4062,66.8606,0
usable,3,pick_up_mug_003,pick_up_mug_008,3,0.0439,2.959,50.6354,4.6881,748.7791,75.1793,0
usable,3,pick_up_mug_004,pick_up_mug_001,3,0.0499,2.959,0.0,0.0,999.9678,117.419,0
usable,3,pick_up_mug_004,pick_up_mug_002,3,0.0291,2.9749,9.452,0.8983,618.0385,65.9236,0
usable,3,pick_up_mug_004,pick_up_mug_003,3,0.0315,2.9714,10.2313,0.9871,514.0553,53.4373,0
usable,3,pick_up_mug_004,pick_up_mug_005,3,0.0376,2.9667,7.108,0.5785,374.0455,36.1118,0
usable,3,pick_up_mug_004,pick_up_mug_006,3,0.0391,2.964,9.9624,0.7565,741.6153,81.9455,0
usable,3,pick_up_mug_004,pick_up_mug_007,3,0.0262,2.9775,12.3697,1.1774,1033.0783,121.5134,0
usable,3,pick_up_mug_004,pick_up_mug_008,3,0.0525,2.9576,314.5073,75.739,1068.4853,129.0296,0
usable,3,pick_up_mug_005,pick_up_mug_001,3,0.0479,2.9527,1.0726,0.1021,1063.0342,144.2727,0
usable,3,pick_up_mug_005,pick_up_mug_002,3,0.0319,2.9688,5.8187,0.6731,815.9954,94.52,0
usable,3,pick_up_mug_005,pick_up_mug_003,3,0.0322,2.9757,11.3681,1.1385,757.5396,85.4878,0
usable,3,pick_up_mug_005,pick_up_mug_004,3,0.0236,2.9892,5.0264,0.5092,346.5379,34.7774,0
usable,3,pick_up_mug_005,pick_up_mug_006,3,0.0346,2.973,0.8871,0.089,944.0912,119.4456,0
usable,3,pick_up_mug_005,pick_up_mug_007,3,0.0265,2.9755,77.0121,7.8088,1113.0399,156.59,0
usable,3,pick_up_mug_005,pick_up_mug_008,3,0.0441,2.9631,0.0414,0.0069,1106.0184,151.6922,0
usable,3,pick_up_mug_006,pick_up_mug_001,3,0.0504,2.9502,5.1046,0.5062,534.5761,56.2024,0
usable,3,pick_up_mug_006,pick_up_mug_002,3,0.0341,2.9697,52.3621,5.2073,99.9509,9.7534,0
usable,3,pick_up_mug_006,pick_up_mug_003,3,0.037,2.9763,86.7623,8.5553,50.8486,3.1973,0
usable,3,pick_up_mug_006,pick_up_mug_004,3,0.033,2.971,13.3835,1.2393,603.0491,69.9269,0
usable,3,pick_up_mug_006,pick_up_mug_005,3,0.047,2.9612,23.0504,2.2922,879.2532,110.031,0
usable,3,pick_up_mug_006,pick_up_mug_007,3,0.0375,2.9709,33.3781,3.0705,586.1857,63.3011,0
usable,3,pick_up_mug_006,pick_up_mug_008,3,0.053,2.9485,426.9606,60.8741,523.1981,58.9066,0
usable,3,pick_up_mug_007,pick_up_mug_001,3,0.0544,2.9526,1.4036,0.1484,36.1867,4.0156,0
usable,3,pick_up_mug_007,pick_up_mug_002,3,0.0393,2.9625,0.3425,0.0862,527.8426,53.9334,0
usable,3,pick_up_mug_007,pick_up_mug_003,4,0.044,2.9561,0.228,0.03,613.5165,66.631,0
usable,3,pick_up_mug_007,pick_up_mug_004,3,0.0357,2.9644,4.7561,0.7836,959.9658,119.841,0
usable,3,pick_up_mug_007,pick_up_mug_005,3,0.0512,2.9623,11.5205,1.1823,1096.9535,161.7609,0
usable,3,pick_up_mug_007,pick_up_mug_006,3,0.0345,2.9664,0.0,0.0,529.416,58.1882,0
usable,3,pick_up_mug_007,pick_up_mug_008,3,0.0423,2.9578,58.3371,6.1421,234.3619,26.3443,0
usable,3,pick_up_mug_008,pick_up_mug_001,3,0.037,2.9697,6.0026,0.5129,185.973,13.02,0
usable,3,pick_up_mug_008,pick_up_mug_002,3,0.0307,2.9724,3.2543,0.3335,629.3788,62.4922,0
usable,3,pick_up_mug_008,pick_up_mug_003,3,0.0273,2.9778,4.7325,0.4911,719.5356,75.3634,0
usable,3,pick_up_mug_008,pick_up_mug_004,3,0.0239,2.9772,32.2706,3.0386,1066.4161,128.64,0
usable,3,pick_up_mug_008,pick_up_mug_005,3,0.0392,2.9673,19.8234,1.9066,1186.2648,169.5773,0
usable,3,pick_up_mug_008,pick_up_mug_006,3,0.0426,2.9726,34.4618,3.3212,615.6789,64.9863,0
usable,3,pick_up_mug_008,pick_up_mug_007,3,0.0239,2.9781,106.3125,10.5677,73.1916,8.6964,0
usable,5,pick_up_mug_001,pick_up_mug_002,5,0.037,2.9731,51.9136,6.1829,243.5596,25.6637,0
usable,5,pick_up_mug_001,pick_up_mug_003,5,0.0412,2.969,39.2335,4.6438,319.3041,38.3037,0
usable,5,pick_up_mug_001,pick_up_mug_004,5,0.0354,2.9697,45.2112,5.341,663.2485,91.4922,0
usable,5,pick_up_mug_001,pick_up_mug_005,5,0.065,2.9425,28.6116,3.418,818.0832,124.6997,0
usable,5,pick_up_mug_001,pick_up_mug_006,5,0.0454,2.9648,74.3814,8.8756,279.8531,34.0433,0
usable,5,pick_up_mug_001,pick_up_mug_007,5,0.0445,2.957,1.1364,0.1327,218.1788,28.8713,0
usable,5,pick_up_mug_001,pick_up_mug_008,5,0.0775,2.9231,8.2478,0.9896,187.5409,20.2187,0
usable,5,pick_up_mug_002,pick_up_mug_001,5,0.076,2.9271,18.6403,1.7455,596.8584,55.3831,0
usable,5,pick_up_mug_002,pick_up_mug_003,5,0.0312,2.9705,0.0,0.0,114.7661,12.63,0
usable,5,pick_up_mug_002,pick_up_mug_004,5,0.0311,2.9728,22.0673,2.0079,627.6773,65.9112,0
usable,5,pick_up_mug_002,pick_up_mug_005,5,0.0497,2.9514,20.713,1.9997,943.958,105.8586,0
usable,5,pick_up_mug_002,pick_up_mug_006,5,0.0428,2.9601,56.7726,5.4042,104.5956,9.5978,0
usable,5,pick_up_mug_002,pick_up_mug_007,5,0.0303,2.9719,3.0865,0.3019,570.3546,54.013,0
usable,5,pick_up_mug_002,pick_up_mug_008,6,0.0818,2.9255,26.6571,2.5749,636.4442,62.3901,0
usable,5,pick_up_mug_003,pick_up_mug_001,5,0.0763,2.9283,17.9902,1.6301,704.9152,67.9725,0
usable,5,pick_up_mug_003,pick_up_mug_002,5,0.0305,2.9711,1.0965,0.0888,120.5198,12.8545,0
usable,5,pick_up_mug_003,pick_up_mug_004,5,0.0325,2.9701,43.4007,3.9557,536.4489,53.2743,0
usable,5,pick_up_mug_003,pick_up_mug_005,5,0.0542,2.9516,6.9448,0.6253,852.6833,88.8969,0
usable,5,pick_up_mug_003,pick_up_mug_006,5,0.0489,2.9539,12.6729,1.168,180.8867,16.833,0
usable,5,pick_up_mug_003,pick_up_mug_007,5,0.0387,2.9619,0.0123,0.0011,685.4062,66.8606,0
usable,5,pick_up_mug_003,pick_up_mug_008,5,0.0669,2.9359,50.6817,4.6914,748.8171,75.1825,0
usable,5,pick_up_mug_004,pick_up_mug_001,5,0.0775,2.9314,0.0,0.0,999.9678,117.419,0
usable,5,pick_up_mug_004,pick_up_mug_002,5,0.0415,2.9624,9.452,0.8983,618.0385,65.9236,0
usable,5,pick_up_mug_004,pick_up_mug_003,5,0.0441,2.9588,10.2316,0.9871,514.0551,53.4373,0
usable,5,pick_up_mug_004,pick_up_mug_005,5,0.0607,2.9436,7.108,0.5785,374.0455,36.1118,0
usable,5,pick_up_mug_004,pick_up_mug_006,5,0.0652,2.9378,9.9624,0.7565,741.6153,81.9455,0
usable,5,pick_up_mug_004,pick_up_mug_007,5,0.04,2.9637,12.3697,1.1774,1033.0783,121.5134,0
usable,5,pick_up_mug_004,pick_up_mug_008,5,0.0796,2.9305,29.7251,2.8755,1065.4701,128.5178,0
usable,5,pick_up_mug_005,pick_up_mug_001,5,0.0795,2.921,1.0726,0.1021,1063.0342,144.2727,0
usable,5,pick_up_mug_005,pick_up_mug_002,5,0.0513,2.9494,5.8187,0.6731,815.9954,94.52,0
usable,5,pick_up_mug_005,pick_up_mug_003,5,0.051,2.9568,11.3681,1.1385,757.5396,85.4878,0
usable,5,pick_up_mug_005,pick_up_mug_004,5,0.0356,2.9772,5.0264,0.5092,346.5379,34.7774,0
usable,5,pick_up_mug_005,pick_up_mug_006,5,0.0596,2.948,0.8871,0.089,944.0912,119.4456,0
usable,5,pick_up_mug_005,pick_up_mug_007,5,0.0475,2.9545,77.0121,7.8088,1113.0399,156.59,0
usable,5,pick_up_mug_005,pick_up_mug_008,5,0.0699,2.9372,0.0348,0.0055,1106.0179,151.6918,0
usable,5,pick_up_mug_006,pick_up_mug_001,5,0.0846,2.916,5.1046,0.5062,534.5761,56.2024,0
usable,5,pick_up_mug_006,pick_up_mug_002,5,0.0478,2.956,52.3568,5.2069,99.9481,9.753,0
usable,5,pick_up_mug_006,pick_up_mug_003,5,0.0525,2.9608,86.7647,8.5556,50.8486,3.197,0
usable,5,pick_up_mug_006,pick_up_mug_004,5,0.0494,2.9546,9.0089,0.8163,606.1826,70.3269,0
usable,5,pick_up_mug_006,pick_up_mug_005,5,0.0763,2.9319,23.0504,2.2922,879.2532,110.031,0
usable,5,pick_up_mug_006,pick_up_mug_007,5,0.0568,2.9517,33.3781,3.0705,586.1857,63.3011,0
usable,5,pick_up_mug_006,pick_up_mug_008,5,0.09,2.9114,433.479,62.4217,536.3215,60.6212,0
usable,5,pick_up_mug_007,pick_up_mug_001,5,0.0901,2.9169,1.4036,0.1484,36.1867,4.0156,0
usable,5,pick_up_mug_007,pick_up_mug_002,5,0.0536,2.9482,0.3787,0.0903,527.8624,53.9355,0
usable,5,pick_up_mug_007,pick_up_mug_003,6,0.0598,2.9404,0.0811,0.0121,613.5755,66.6389,0
usable,5,pick_up_mug_007,pick_up_mug_004,5,0.0501,2.95,4.6905,0.7845,959.9754,119.8431,0
usable,5,pick_up_mug_007,pick_up_mug_005,5,0.0841,2.9294,4.72,0.4822,1095.8306,161.0704,0
usable,5,pick_up_mug_007,pick_up_mug_006,5,0.0528,2.948,0.0,0.0,529.416,58.1882,0
usable,5,pick_up_mug_007,pick_up_mug_008,5,0.0626,2.9374,48.3154,5.1091,244.399,27.4035,0
usable,5,pick_up_mug_008,pick_up_mug_001,5,0.0641,2.9426,6.0026,0.5129,185.973,13.02,0
usable,5,pick_up_mug_008,pick_up_mug_002,5,0.0526,2.9505,3.2211,0.3299,629.3627,62.4904,0
usable,5,pick_up_mug_008,pick_up_mug_003,5,0.0506,2.9545,0.0,0.0,715.7155,74.9049,0
usable,5,pick_up_mug_008,pick_up_mug_004,6,0.0542,2.9469,32.2706,3.0386,1066.4161,128.64,0
usable,5,pick_up_mug_008,pick_up_mug_005,5,0.062,2.9445,19.8234,1.9066,1186.2648,169.5773,0
usable,5,pick_up_mug_008,pick_up_mug_006,5,0.0751,2.9401,31.0951,2.996,612.6467,64.6622,0
usable,5,pick_up_mug_008,pick_up_mug_007,5,0.0415,2.9605,106.3125,10.5677,73.1916,8.6964,0
usable,10,pick_up_mug_001,pick_up_mug_002,10,0.0775,2.9326,51.9169,6.1834,243.5562,25.6633,0
usable,10,pick_up_mug_001,pick_up_mug_003,10,0.0832,2.927,39.2545,4.646,319.2892,38.3018,0
usable,10,pick_up_mug_001,pick_up_mug_004,10,0.0734,2.9316,45.211,5.3409,663.2493,91.4922,0
usable,10,pick_up_mug_001,pick_up_mug_005,10,0.1254,2.8821,23.7388,2.8367,820.2054,125.2762,0
usable,10,pick_up_mug_001,pick_up_mug_006,10,0.1023,2.9079,74.3814,8.8756,279.8531,34.0433,0
usable,10,pick_up_mug_001,pick_up_mug_007,10,0.0948,2.9067,1.1364,0.1327,218.1788,28.8713,0
usable,10,pick_up_mug_001,pick_up_mug_008,10,0.1431,2.8575,2.4555,0.3054,182.5506,19.5352,0
usable,10,pick_up_mug_002,pick_up_mug_001,10,0.1462,2.857,18.6403,1.7455,596.8584,55.3831,0
usable,10,pick_up_mug_002,pick_up_mug_003,10,0.0646,2.9371,0.0,0.0,114.7661,12.63,0
usable,10,pick_up_mug_002,pick_up_mug_004,10,0.0632,2.9407,22.1897,2.0184,627.5561,65.8986,0
usable,10,pick_up_mug_002,pick_up_mug_005,10,0.1091,2.8919,20.713,1.9997,943.958,105.8586,0
usable,10,pick_up_mug_002,pick_up_mug_006,10,0.0812,2.9217,45.8442,4.3592,95.4639,8.558,0
usable,10,pick_up_mug_002,pick_up_mug_007,10,0.0618,2.9404,3.0865,0.3019,570.3546,54.013,0
usable,10,pick_up_mug_002,pick_up_mug_008,11,0.1631,2.8443,26.6571,2.5749,636.4442,62.3901,0
usable,10,pick_up_mug_003,pick_up_mug_001,10,0.15,2.8546,17.9902,1.6301,704.9152,67.9725,0
usable,10,pick_up_mug_003,pick_up_mug_002,10,0.0607,2.941,1.0913,0.0886,120.5206,12.8546,0
usable,10,pick_up_mug_003,pick_up_mug_004,10,0.0648,2.9377,43.4007,3.9557,536.4489,53.2743,0
usable,10,pick_up_mug_003,pick_up_mug_005,10,0.1041,2.9018,6.9448,0.6253,852.6833,88.8969,0
usable,10,pick_up_mug_003,pick_up_mug_006,10,0.0962,2.9066,12.6729,1.168,180.8867,16.833,0
usable,10,pick_up_mug_003,pick_up_mug_007,10,0.0776,2.923,0.0123,0.0011,685.4062,66.8606,0
usable,10,pick_up_mug_003,pick_up_mug_008,10,0.1432,2.8597,50.7382,4.6956,748.8606,75.1868,0
usable,10,pick_up_mug_004,pick_up_mug_001,10,0.1415,2.8674,0.0,0.0,999.9678,117.419,0
usable,10,pick_up_mug_004,pick_up_mug_002,10,0.0755,2.9285,0.9352,0.0898,623.695,66.6114,0
usable,10,pick_up_mug_004,pick_up_mug_003,10,0.0796,2.9233,10.2316,0.9871,514.0551,53.4373,0
usable,10,pick_up_mug_004,pick_up_mug_005,10,0.1212,2.883,0.0,0.0,371.0179,35.7902,0
usable,10,pick_up_mug_004,pick_up_mug_006,10,0.1269,2.8762,10.4069,0.8141,741.0574,81.8781,0
usable,10,pick_up_mug_004,pick_up_mug_007,10,0.0827,2.921,2.9239,0.2776,1028.5265,120.6179,0
usable,10,pick_up_mug_004,pick_up_mug_008,10,0.1575,2.8526,29.7546,2.8775,1065.4819,128.5196,0
usable,10,pick_up_mug_005,pick_up_mug_001,10,0.1561,2.8445,0.9449,0.0899,1063.0717,144.2843,0
usable,10,pick_up_mug_005,pick_up_mug_002,10,0.099,2.9017,5.8187,0.6731,815.9954,94.52,0
usable,10,pick_up_mug_005,pick_up_mug_003,10,0.1002,2.9076,11.3681,1.1385,757.5396,85.4878,0
usable,10,pick_up_mug_005,pick_up_mug_004,10,0.0798,2.933,6.035,0.6101,345.5799,34.6759,0
usable,10,pick_up_mug_005,pick_up_mug_006,10,0.1196,2.888,0.8871,0.089,944.0912,119.4456,0
usable,10,pick_up_mug_005,pick_up_mug_007,10,0.1012,2.9008,49.8161,5.0826,1107.3421,153.8609,0
usable,10,pick_up_mug_005,pick_up_mug_008,10,0.1489,2.8583,0.0348,0.0055,1106.0179,151.6918,0
usable,10,pick_up_mug_006,pick_up_mug_001,10,0.1533,2.8473,5.1046,0.5062,534.5761,56.2024,0
usable,10,pick_up_mug_006,pick_up_mug_002,10,0.0809,2.923,0.0,0.0,68.8563,4.9759,0
usable,10,pick_up_mug_006,pick_up_mug_003,10,0.1009,2.9124,33.5289,3.3014,84.471,8.4406,0
usable,10,pick_up_mug_006,pick_up_mug_004,10,0.1015,2.9025,8.1256,0.7351,606.7214,70.3952,0
usable,10,pick_up_mug_006,pick_up_mug_005,10,0.1516,2.8566,23.0504,2.2922,879.2532,110.031,0
usable,10,pick_up_mug_006,pick_up_mug_007,10,0.1079,2.9006,33.3781,3.0705,586.1857,63.3011,0
usable,10,pick_up_mug_006,pick_up_mug_008,10,0.1693,2.8322,15.4196,1.5704,648.802,72.3849,0
usable,10,pick_up_mug_007,pick_up_mug_001,10,0.1724,2.8346,0.366,0.0365,36.722,3.9666,0
usable,10,pick_up_mug_007,pick_up_mug_002,15,0.146,2.8558,0.3787,0.0903,527.8624,53.9355,0
usable,10,pick_up_mug_007,pick_up_mug_003,11,0.1071,2.893,0.348,0.0373,613.4725,66.6277,0
usable,10,pick_up_mug_007,pick_up_mug_004,10,0.0899,2.9102,4.6902,0.7845,959.9754,119.8431,0
usable,10,pick_up_mug_007,pick_up_mug_005,10,0.1634,2.8501,0.0,0.0,1095.0313,160.6024,0
usable,10,pick_up_mug_007,pick_up_mug_006,10,0.119,2.8818,0.0,0.0,529.416,58.1882,0
usable,10,pick_up_mug_007,pick_up_mug_008,10,0.1363,2.8638,48.3154,5.1091,244.399,27.4035,0
usable,10,pick_up_mug_008,pick_up_mug_001,10,0.1317,2.875,6.0026,0.5129,185.973,13.02,0
usable,10,pick_up_mug_008,pick_up_mug_002,10,0.1134,2.8898,3.2211,0.3299,629.3627,62.4904,0
usable,10,pick_up_mug_008,pick_up_mug_003,10,0.1205,2.8846,0.0,0.0,715.7155,74.9049,0
usable,10,pick_up_mug_008,pick_up_mug_004,11,0.1213,2.8798,32.2706,3.0386,1066.4161,128.64,0
usable,10,pick_up_mug_008,pick_up_mug_005,10,0.1425,2.8639,19.8234,1.9066,1186.2648,169.5773,0
usable,10,pick_up_mug_008,pick_up_mug_006,10,0.1527,2.8625,22.2885,2.1442,604.6651,63.8104,0
usable,10,pick_up_mug_008,pick_up_mug_007,10,0.1055,2.8965,24.8549,2.3898,202.8028,21.3384,0
usable,20,pick_up_mug_001,pick_up_mug_002,20,0.1417,2.8683,0.0,0.0,291.5083,31.8199,0
usable,20,pick_up_mug_001,pick_up_mug_003,20,0.158,2.8522,39.2545,4.646,319.2892,38.3018,0
usable,20,pick_up_mug_001,pick_up_mug_004,20,0.1349,2.8701,0.2497,0.0296,691.9397,96.835,0
usable,20,pick_up_mug_001,pick_up_mug_005,20,0.2576,2.7499,17.7909,2.1278,822.7769,125.9818,0
usable,20,pick_up_mug_001,pick_up_mug_006,20,0.2236,2.7866,16.4474,1.907,222.2243,27.0666,0
usable,20,pick_up_mug_001,pick_up_mug_007,20,0.1845,2.8171,1.1364,0.1327,218.1788,28.8713,0
usable,20,pick_up_mug_001,pick_up_mug_008,20,0.2744,2.7262,2.4555,0.3054,182.5506,19.5352,0
usable,20,pick_up_mug_002,pick_up_mug_001,20,0.2887,2.7145,18.6403,1.7455,596.8584,55.3831,0
usable,20,pick_up_mug_002,pick_up_mug_003,20,0.1212,2.8804,0.0,0.0,114.7661,12.63,0
usable,20,pick_up_mug_002,pick_up_mug_004,20,0.118,2.8859,22.1897,2.0184,627.5561,65.8986,0
usable,20,pick_up_mug_002,pick_up_mug_005,20,0.2002,2.8008,6.3394,0.6348,934.8709,104.4824,0
usable,20,pick_up_mug_002,pick_up_mug_006,20,0.1589,2.844,45.8442,4.3592,95.4639,8.558,0
usable,20,pick_up_mug_002,pick_up_mug_007,20,0.1186,2.8836,0.0,0.0,572.9422,54.3083,0
usable,20,pick_up_mug_002,pick_up_mug_008,21,0.2993,2.708,26.7588,2.5856,636.5292,62.3995,0
usable,20,pick_up_mug_003,pick_up_mug_001,20,0.2994,2.7052,17.9902,1.6301,704.9152,67.9725,0
usable,20,pick_up_mug_003,pick_up_mug_002,20,0.1134,2.8883,1.0711,0.0871,120.5291,12.8555,0
usable,20,pick_up_mug_003,pick_up_mug_004,20,0.1253,2.8772,43.3796,3.9539,536.4623,53.2755,0
usable,20,pick_up_mug_003,pick_up_mug_005,20,0.2117,2.7941,1.4439,0.1321,856.2577,89.3655,0
usable,20,pick_up_mug_003,pick_up_mug_006,20,0.1964,2.8064,12.6729,1.168,180.8867,16.833,0
usable,20,pick_up_mug_003,pick_up_mug_007,20,0.1417,2.8589,0.0155,0.0015,685.4076,66.8608,0
usable,20,pick_up_mug_003,pick_up_mug_008,20,0.2703,2.7325,18.0602,1.6664,723.5433,72.1585,0
usable,20,pick_up_mug_004,pick_up_mug_001,20,0.2794,2.7295,0.0,0.0,999.9678,117.419,0
usable,20,pick_up_mug_004,pick_up_mug_002,20,0.1411,2.8629,0.9352,0.0898,623.695,66.6114,0
usable,20,pick_up_mug_004,pick_up_mug_003,20,0.1462,2.8567,10.2316,0.9871,514.0551,53.4373,0
usable,20,pick_up_mug_004,pick_up_mug_005,20,0.2243,2.7799,0.0,0.0,371.0179,35.7902,0
usable,20,pick_up_mug_004,pick_up_mug_006,20,0.2483,2.7548,5.4808,0.4689,742.9381,82.109,0
usable,20,pick_up_mug_004,pick_up_mug_007,20,0.147,2.8567,3.0364,0.2917,1028.5926,120.6325,0
usable,20,pick_up_mug_004,pick_up_mug_008,20,0.268,2.7421,29.7617,2.878,1065.4857,128.5203,0
usable,20,pick_up_mug_005,pick_up_mug_001,20,0.2981,2.7025,0.9449,0.0899,1063.0717,144.2843,0
usable,20,pick_up_mug_005,pick_up_mug_002,20,0.1985,2.8022,5.8187,0.6731,815.9954,94.52,0
usable,20,pick_up_mug_005,pick_up_mug_003,20,0.1978,2.8101,11.3681,1.1385,757.5396,85.4878,0
usable,20,pick_up_mug_005,pick_up_mug_004,20,0.1467,2.8661,0.0,0.0,351.2838,35.2837,0
usable,20,pick_up_mug_005,pick_up_mug_006,20,0.2469,2.7607,0.8871,0.089,944.0912,119.4456,0
usable,20,pick_up_mug_005,pick_up_mug_007,20,0.196,2.806,3.1796,0.3958,1095.9869,149.1289,0
usable,20,pick_up_mug_005,pick_up_mug_008,20,0.2505,2.7567,0.0353,0.0054,1106.0179,151.6918,0
usable,20,pick_up_mug_006,pick_up_mug_001,20,0.282,2.7186,1.9497,0.1963,537.1623,56.4967,0
usable,20,pick_up_mug_006,pick_up_mug_002,20,0.1521,2.8517,0.0,0.0,68.8563,4.9759,0
usable,20,pick_up_mug_006,pick_up_mug_003,20,0.1894,2.8238,30.819,3.0307,86.6711,8.7082,0
usable,20,pick_up_mug_006,pick_up_mug_004,20,0.1847,2.8193,8.2454,0.7483,606.5955,70.3791,0
usable,20,pick_up_mug_006,pick_up_mug_005,20,0.2713,2.7369,23.0888,2.2943,879.2431,110.0287,0
usable,20,pick_up_mug_006,pick_up_mug_007,20,0.1751,2.8334,33.3781,3.0705,586.1857,63.3011,0
usable,20,pick_up_mug_006,pick_up_mug_008,20,0.333,2.6684,14.3779,1.5259,648.224,72.3138,0
usable,20,pick_up_mug_007,pick_up_mug_001,20,0.3335,2.6736,0.288,0.0345,36.7929,3.9697,0
usable,20,pick_up_mug_007,pick_up_mug_002,26,0.2254,2.7765,0.3787,0.0903,527.8624,53.9355,0
usable,20,pick_up_mug_007,pick_up_mug_003,21,0.164,2.8361,0.348,0.0373,613.4725,66.6277,0
usable,20,pick_up_mug_007,pick_up_mug_004,25,0.1683,2.8318,4.6794,0.7847,959.9784,119.8436,0
usable,20,pick_up_mug_007,pick_up_mug_005,20,0.2836,2.7299,0.0,0.0,1095.0313,160.6024,0
usable,20,pick_up_mug_007,pick_up_mug_006,20,0.1861,2.8148,0.0,0.0,529.416,58.1882,0
usable,20,pick_up_mug_007,pick_up_mug_008,20,0.2539,2.7462,48.3154,5.1091,244.399,27.4035,0
usable,20,pick_up_mug_008,pick_up_mug_001,20,0.218,2.7887,6.0026,0.5129,185.973,13.02,0
usable,20,pick_up_mug_008,pick_up_mug_002,20,0.1921,2.8111,3.3174,0.3399,629.4076,62.4953,0
usable,20,pick_up_mug_008,pick_up_mug_003,24,0.2319,2.7732,0.0,0.0,715.7155,74.9049,0
usable,20,pick_up_mug_008,pick_up_mug_004,21,0.1951,2.806,32.2836,3.0397,1066.4109,128.6391,0
usable,20,pick_up_mug_008,pick_up_mug_005,20,0.2484,2.758,16.1008,1.5576,1185.8448,169.2355,0
usable,20,pick_up_mug_008,pick_up_mug_006,20,0.2607,2.7545,22.2885,2.1442,604.6651,63.8104,0
usable,20,pick_up_mug_008,pick_up_mug_007,21,0.1898,2.8122,14.484,1.4837,163.685,17.5023,0
patience,1,pick_up_mug_001,pick_up_mug_002,2,0.0145,2.9956,51.9133,6.1829,243.56,25.6638,0
patience,1,pick_up_mug_001,pick_up_mug_003,2,0.0165,2.9937,39.2335,4.6438,319.3041,38.3037,0
patience,1,pick_up_mug_001,pick_up_mug_004,2,0.0144,2.9906,45.2115,5.341,663.2482,91.4922,0
patience,1,pick_up_mug_001,pick_up_mug_005,2,0.0279,2.9796,28.6244,3.4195,818.0776,124.6981,0
patience,1,pick_up_mug_001,pick_up_mug_006,3,0.0334,2.9767,74.3814,8.8756,279.8531,34.0433,0
patience,1,pick_up_mug_001,pick_up_mug_007,2,0.0162,2.9853,1.0476,0.1249,218.1032,28.8636,0
patience,1,pick_up_mug_001,pick_up_mug_008,2,0.031,2.9696,8.6952,1.0586,188.0168,20.2772,0
patience,1,pick_up_mug_002,pick_up_mug_001,2,0.0324,2.9708,18.6403,1.7455,596.8584,55.3831,0
patience,1,pick_up_mug_002,pick_up_mug_003,2,0.0136,2.9881,2.09,0.1972,116.432,12.7991,0
patience,1,pick_up_mug_002,pick_up_mug_004,2,0.0135,2.9904,22.0673,2.0079,627.6773,65.9112,0
patience,1,pick_up_mug_002,pick_up_mug_005,2,0.02,2.981,20.713,1.9997,943.958,105.8586,0
patience,1,pick_up_mug_002,pick_up_mug_006,2,0.0174,2.9855,56.7726,5.4042,104.5956,9.5978,0
patience,1,pick_up_mug_002,pick_up_mug_007,2,0.0134,2.9888,3.0865,0.3019,570.3546,54.013,0
patience,1,pick_up_mug_002,pick_up_mug_008,2,0.0334,2.9739,552.6052,55.0763,79.8004,5.2897,0
patience,1,pick_up_mug_003,pick_up_mug_001,2,0.0319,2.9727,17.9902,1.6301,704.9152,67.9725,0
patience,1,pick_up_mug_003,pick_up_mug_002,2,0.0125,2.9891,1.1821,0.0964,120.4843,12.8505,0
patience,1,pick_up_mug_003,pick_up_mug_004,2,0.0137,2.9888,43.3852,3.9543,536.4592,53.2753,0
patience,1,pick_up_mug_003,pick_up_mug_005,2,0.0219,2.9839,6.9448,0.6253,852.6833,88.8969,0
patience,1,pick_up_mug_003,pick_up_mug_006,3,0.0285,2.9743,12.6729,1.168,180.8867,16.833,0
patience,1,pick_up_mug_003,pick_up_mug_007,2,0.0157,2.9849,0.0333,0.0037,685.3862,66.8585,0
patience,1,pick_up_mug_003,pick_up_mug_008,2,0.0331,2.9697,585.4642,56.8393,161.2999,13.7285,0
patience,1,pick_up_mug_004,pick_up_mug_001,2,0.0342,2.9747,0.0,0.0,999.9678,117.419,0
patience,1,pick_up_mug_004,pick_up_mug_002,2,0.0158,2.9882,9.8116,0.9276,618.0273,65.9231,0
patience,1,pick_up_mug_004,pick_up_mug_003,2,0.0146,2.9883,10.2313,0.9871,514.0553,53.4373,0
patience,1,pick_up_mug_004,pick_up_mug_005,2,0.0233,2.9809,7.0079,0.5605,373.5684,36.0634,0
patience,1,pick_up_mug_004,pick_up_mug_006,2,0.0267,2.9763,9.9624,0.7565,741.6153,81.9455,0
patience,1,pick_up_mug_004,pick_up_mug_007,2,0.0194,2.9843,12.3697,1.1774,1033.0783,121.5134,0
patience,1,pick_up_mug_004,pick_up_mug_008,2,0.0342,2.9759,528.3254,53.2897,705.329,72.6249,0
patience,1,pick_up_mug_005,pick_up_mug_001,2,0.0324,2.9682,1.0726,0.1021,1063.0342,144.2727,0
patience,1,pick_up_mug_005,pick_up_mug_002,2,0.0193,2.9813,49.831,4.9416,780.1536,89.1407,0
patience,1,pick_up_mug_005,pick_up_mug_003,4,0.0443,2.9635,11.3681,1.1385,757.5396,85.4878,0
patience,1,pick_up_mug_005,pick_up_mug_004,2,0.0153,2.9975,9.4517,0.9496,342.4022,34.3387,0
patience,1,pick_up_mug_005,pick_up_mug_006,2,0.024,2.9836,0.8871,0.089,944.0912,119.4456,0
patience,1,pick_up_mug_005,pick_up_mug_007,2,0.0193,2.9827,77.0121,7.8088,1113.0399,156.59,0
patience,1,pick_up_mug_005,pick_up_mug_008,3,0.0441,2.9631,0.0414,0.0069,1106.0184,151.6922,0
patience,1,pick_up_mug_006,pick_up_mug_001,2,0.0337,2.9669,5.1046,0.5062,534.5761,56.2024,0
patience,1,pick_up_mug_006,pick_up_mug_002,2,0.028,2.9758,52.3621,5.2073,99.9509,9.7534,0
patience,1,pick_up_mug_006,pick_up_mug_003,2,0.0298,2.9835,86.7623,8.5553,50.8486,3.1973,0
patience,1,pick_up_mug_006,pick_up_mug_004,2,0.0259,2.9781,13.3835,1.2393,603.0491,69.9269,0
patience,1,pick_up_mug_006,pick_up_mug_005,2,0.0331,2.9751,23.0504,2.2922,879.2532,110.031,0
patience,1,pick_up_mug_006,pick_up_mug_007,2,0.0299,2.9785,33.3781,3.0705,586.1857,63.3011,0
patience,1,pick_up_mug_006,pick_up_mug_008,2,0.0377,2.9638,426.9606,60.8741,523.1981,58.9066,0
patience,1,pick_up_mug_007,pick_up_mug_001,2,0.0385,2.9686,416.5651,43.2056,419.198,45.2039,0
patience,1,pick_up_mug_007,pick_up_mug_002,2,0.0319,2.9699,331.7847,55.9949,259.3031,40.2364,0
patience,1,pick_up_mug_007,pick_up_mug_003,2,0.0323,2.9678,315.796,56.2357,348.7815,47.0099,0
patience,1,pick_up_mug_007,pick_up_mug_004,2,0.0296,2.9705,302.3688,55.5872,788.6599,91.6965,0
patience,1,pick_up_mug_007,pick_up_mug_005,3,0.0512,2.9623,11.5205,1.1823,1096.9535,161.7609,0
patience,1,pick_up_mug_007,pick_up_mug_006,3,0.0345,2.9664,0.0,0.0,529.416,58.1882,0
patience,1,pick_up_mug_007,pick_up_mug_008,2,0.0279,2.9722,58.3371,6.1421,234.3619,26.3443,0
patience,1,pick_up_mug_008,pick_up_mug_001,2,0.031,2.9757,6.0026,0.5129,185.973,13.02,0
patience,1,pick_up_mug_008,pick_up_mug_002,2,0.0212,2.982,3.2543,0.3335,629.3788,62.4922,0
patience,1,pick_up_mug_008,pick_up_mug_003,2,0.0178,2.9873,4.7325,0.4911,719.5356,75.3634,0
patience,1,pick_up_mug_008,pick_up_mug_004,2,0.0161,2.985,32.2883,3.04,1066.4078,128.6388,0
patience,1,pick_up_mug_008,pick_up_mug_005,2,0.0255,2.981,19.8234,1.9066,1186.2648,169.5773,0
patience,1,pick_up_mug_008,pick_up_mug_006,3,0.0426,2.9726,34.4618,3.3212,615.6789,64.9863,0
patience,1,pick_up_mug_008,pick_up_mug_007,2,0.0165,2.9855,106.3125,10.5677,73.1916,8.6964,0
patience,2,pick_up_mug_001,pick_up_mug_002,3,0.0233,2.9867,51.9136,6.1829,243.5596,25.6637,0
patience,2,pick_up_mug_001,pick_up_mug_003,3,0.0264,2.9838,39.2335,4.6438,319.3041,38.3037,0
patience,2,pick_up_mug_001,pick_up_mug_004,3,0.0229,2.9821,45.2112,5.341,663.2485,91.4922,0
patience,2,pick_up_mug_001,pick_up_mug_005,3,0.0423,2.9652,28.6244,3.4195,818.0776,124.6981,0
patience,2,pick_up_mug_001,pick_up_mug_006,4,0.0358,2.9743,74.3814,8.8756,279.8531,34.0433,0
patience,2,pick_up_mug_001,pick_up_mug_007,3,0.0261,2.9754,1.1364,0.1327,218.1788,28.8713,0
patience,2,pick_up_mug_001,pick_up_mug_008,3,0.0478,2.9528,8.2478,0.9896,187.5409,20.2187,0
patience,2,pick_up_mug_002,pick_up_mug_001,3,0.0472,2.9559,18.6403,1.7455,596.8584,55.3831,0
patience,2,pick_up_mug_002,pick_up_mug_003,5,0.0312,2.9705,0.0,0.0,114.7661,12.63,0
patience,2,pick_up_mug_002,pick_up_mug_004,3,0.0198,2.9841,22.0673,2.0079,627.6773,65.9112,0
patience,2,pick_up_mug_002,pick_up_mug_005,3,0.0318,2.9692,20.713,1.9997,943.958,105.8586,0
patience,2,pick_up_mug_002,pick_up_mug_006,3,0.027,2.9759,56.7726,5.4042,104.5956,9.5978,0
patience,2,pick_up_mug_002,pick_up_mug_007,3,0.0188,2.9833,3.0865,0.3019,570.3546,54.013,0
patience,2,pick_up_mug_002,pick_up_mug_008,6,0.0818,2.9255,26.6571,2.5749,636.4442,62.3901,0
patience,2,pick_up_mug_003,pick_up_mug_001,3,0.0467,2.9579,17.9902,1.6301,704.9152,67.9725,0
patience,2,pick_up_mug_003,pick_up_mug_002,3,0.0197,2.982,1.1312,0.0922,120.5045,12.8527,0
patience,2,pick_up_mug_003,pick_up_mug_004,3,0.0205,2.982,43.3852,3.9543,536.4592,53.2753,0
patience,2,pick_up_mug_003,pick_up_mug_005,3,0.0341,2.9717,6.9448,0.6253,852.6833,88.8969,0
patience,2,pick_up_mug_003,pick_up_mug_006,4,0.0413,2.9615,12.6729,1.168,180.8867,16.833,0
patience,2,pick_up_mug_003,pick_up_mug_007,3,0.0226,2.978,0.0123,0.0011,685.4062,66.8606,0
patience,2,pick_up_mug_003,pick_up_mug_008,5,0.0669,2.9359,50.6817,4.6914,748.8171,75.1825,0
patience,2,pick_up_mug_004,pick_up_mug_001,3,0.0499,2.959,0.0,0.0,999.9678,117.419,0
patience,2,pick_up_mug_004,pick_up_mug_002,3,0.0291,2.9749,9.452,0.8983,618.0385,65.9236,0
patience,2,pick_up_mug_004,pick_up_mug_003,3,0.0315,2.9714,10.2313,0.9871,514.0553,53.4373,0
patience,2,pick_up_mug_004,pick_up_mug_005,3,0.0376,2.9667,7.108,0.5785,374.0455,36.1118,0
patience,2,pick_up_mug_004,pick_up_mug_006,3,0.0391,2.964,9.9624,0.7565,741.6153,81.9455,0
patience,2,pick_up_mug_004,pick_up_mug_007,3,0.0262,2.9775,12.3697,1.1774,1033.0783,121.5134,0
patience,2,pick_up_mug_004,pick_up_mug_008,6,0.0909,2.9192,29.7546,2.8775,1065.4819,128.5196,0
patience,2,pick_up_mug_005,pick_up_mug_001,3,0.0479,2.9527,1.0726,0.1021,1063.0342,144.2727,0
patience,2,pick_up_mug_005,pick_up_mug_002,5,0.0513,2.9494,5.8187,0.6731,815.9954,94.52,0
patience,2,pick_up_mug_005,pick_up_mug_003,5,0.051,2.9568,11.3681,1.1385,757.5396,85.4878,0
patience,2,pick_up_mug_005,pick_up_mug_004,3,0.0236,2.9892,5.0264,0.5092,346.5379,34.7774,0
patience,2,pick_up_mug_005,pick_up_mug_006,3,0.0346,2.973,0.8871,0.089,944.0912,119.4456,0
patience,2,pick_up_mug_005,pick_up_mug_007,3,0.0265,2.9755,77.0121,7.8088,1113.0399,156.59,0
patience,2,pick_up_mug_005,pick_up_mug_008,4,0.0528,2.9544,0.0348,0.0055,1106.0179,151.6918,0
patience,2,pick_up_mug_006,pick_up_mug_001,3,0.0504,2.9502,5.1046,0.5062,534.5761,56.2024,0
patience,2,pick_up_mug_006,pick_up_mug_002,3,0.0341,2.9697,52.3621,5.2073,99.9509,9.7534,0
patience,2,pick_up_mug_006,pick_up_mug_003,3,0.037,2.9763,86.7623,8.5553,50.8486,3.1973,0
patience,2,pick_up_mug_006,pick_up_mug_004,3,0.033,2.971,13.3835,1.2393,603.0491,69.9269,0
patience,2,pick_up_mug_006,pick_up_mug_005,3,0.047,2.9612,23.0504,2.2922,879.2532,110.031,0
patience,2,pick_up_mug_006,pick_up_mug_007,3,0.0375,2.9709,33.3781,3.0705,586.1857,63.3011,0
patience,2,pick_up_mug_006,pick_up_mug_008,3,0.053,2.9485,426.9606,60.8741,523.1981,58.9066,0
patience,2,pick_up_mug_007,pick_up_mug_001,5,0.0901,2.9169,1.4036,0.1484,36.1867,4.0156,0
patience,2,pick_up_mug_007,pick_up_mug_002,5,0.0536,2.9482,0.3787,0.0903,527.8624,53.9355,0
patience,2,pick_up_mug_007,pick_up_mug_003,6,0.0598,2.9404,0.0811,0.0121,613.5755,66.6389,0
patience,2,pick_up_mug_007,pick_up_mug_004,5,0.0501,2.95,4.6905,0.7845,959.9754,119.8431,0
patience,2,pick_up_mug_007,pick_up_mug_005,4,0.0659,2.9476,11.5205,1.1823,1096.9535,161.7609,0
patience,2,pick_up_mug_007,pick_up_mug_006,4,0.0427,2.9581,0.0,0.0,529.416,58.1882,0
patience,2,pick_up_mug_007,pick_up_mug_008,3,0.0423,2.9578,58.3371,6.1421,234.3619,26.3443,0
patience,2,pick_up_mug_008,pick_up_mug_001,3,0.037,2.9697,6.0026,0.5129,185.973,13.02,0
patience,2,pick_up_mug_008,pick_up_mug_002,3,0.0307,2.9724,3.2543,0.3335,629.3788,62.4922,0
patience,2,pick_up_mug_008,pick_up_mug_003,3,0.0273,2.9778,4.7325,0.4911,719.5356,75.3634,0
patience,2,pick_up_mug_008,pick_up_mug_004,3,0.0239,2.9772,32.2706,3.0386,1066.4161,128.64,0
patience,2,pick_up_mug_008,pick_up_mug_005,3,0.0392,2.9673,19.8234,1.9066,1186.2648,169.5773,0
patience,2,pick_up_mug_008,pick_up_mug_006,4,0.0569,2.9583,31.0951,2.996,612.6467,64.6622,0
patience,2,pick_up_mug_008,pick_up_mug_007,3,0.0239,2.9781,106.3125,10.5677,73.1916,8.6964,0
patience,3,pick_up_mug_001,pick_up_mug_002,4,0.0302,2.9798,51.9136,6.1829,243.5596,25.6637,0
patience,3,pick_up_mug_001,pick_up_mug_003,4,0.0339,2.9762,39.2335,4.6438,319.3041,38.3037,0
patience,3,pick_up_mug_001,pick_up_mug_004,4,0.0296,2.9755,45.2112,5.341,663.2485,91.4922,0
patience,3,pick_up_mug_001,pick_up_mug_005,4,0.0565,2.951,28.6116,3.418,818.0832,124.6997,0
patience,3,pick_up_mug_001,pick_up_mug_006,5,0.0454,2.9648,74.3814,8.8756,279.8531,34.0433,0
patience,3,pick_up_mug_001,pick_up_mug_007,4,0.0363,2.9652,1.1364,0.1327,218.1788,28.8713,0
patience,3,pick_up_mug_001,pick_up_mug_008,4,0.0621,2.9385,8.2478,0.9896,187.5409,20.2187,0
patience,3,pick_up_mug_002,pick_up_mug_001,4,0.0616,2.9415,18.6403,1.7455,596.8584,55.3831,0
patience,3,pick_up_mug_002,pick_up_mug_003,6,0.0402,2.9615,0.0,0.0,114.7661,12.63,0
patience,3,pick_up_mug_002,pick_up_mug_004,4,0.0244,2.9796,22.0673,2.0079,627.6773,65.9112,0
patience,3,pick_up_mug_002,pick_up_mug_005,4,0.0413,2.9597,20.713,1.9997,943.958,105.8586,0
patience,3,pick_up_mug_002,pick_up_mug_006,4,0.037,2.9659,56.7726,5.4042,104.5956,9.5978,0
patience,3,pick_up_mug_002,pick_up_mug_007,4,0.0252,2.977,3.0865,0.3019,570.3546,54.013,0
patience,3,pick_up_mug_002,pick_up_mug_008,7,0.0986,2.9087,26.6571,2.5749,636.4442,62.3901,0
patience,3,pick_up_mug_003,pick_up_mug_001,4,0.0609,2.9437,17.9902,1.6301,704.9152,67.9725,0
patience,3,pick_up_mug_003,pick_up_mug_002,4,0.0253,2.9764,1.0965,0.0888,120.5198,12.8545,0
patience,3,pick_up_mug_003,pick_up_mug_004,4,0.0255,2.977,43.4007,3.9557,536.4489,53.2743,0
patience,3,pick_up_mug_003,pick_up_mug_005,4,0.0469,2.9589,6.9448,0.6253,852.6833,88.8969,0
patience,3,pick_up_mug_003,pick_up_mug_006,5,0.0489,2.9539,12.6729,1.168,180.8867,16.833,0
patience,3,pick_up_mug_003,pick_up_mug_007,4,0.031,2.9696,0.0123,0.0011,685.4062,66.8606,0
patience,3,pick_up_mug_003,pick_up_mug_008,6,0.0772,2.9257,50.7382,4.6956,748.8606,75.1868,0
patience,3,pick_up_mug_004,pick_up_mug_001,4,0.0622,2.9467,0.0,0.0,999.9678,117.419,0
patience,3,pick_up_mug_004,pick_up_mug_002,4,0.0356,2.9684,9.452,0.8983,618.0385,65.9236,0
patience,3,pick_up_mug_004,pick_up_mug_003,4,0.0386,2.9643,10.2313,0.9871,514.0553,53.4373,0
patience,3,pick_up_mug_004,pick_up_mug_005,4,0.0474,2.9569,7.108,0.5785,374.0455,36.1118,0
patience,3,pick_up_mug_004,pick_up_mug_006,4,0.052,2.9511,9.9624,0.7565,741.6153,81.9455,0
patience,3,pick_up_mug_004,pick_up_mug_007,4,0.0337,2.9699,12.3697,1.1774,1033.0783,121.5134,0
patience,3,pick_up_mug_004,pick_up_mug_008,7,0.1081,2.902,29.7546,2.8775,1065.4819,128.5196,0
patience,3,pick_up_mug_005,pick_up_mug_001,4,0.0638,2.9368,1.0726,0.1021,1063.0342,144.2727,0
patience,3,pick_up_mug_005,pick_up_mug_002,6,0.0641,2.9365,5.8187,0.6731,815.9954,94.52,0
patience,3,pick_up_mug_005,pick_up_mug_003,6,0.064,2.9439,11.3681,1.1385,757.5396,85.4878,0
patience,3,pick_up_mug_005,pick_up_mug_004,4,0.0291,2.9837,5.0264,0.5092,346.5379,34.7774,0
patience,3,pick_up_mug_005,pick_up_mug_006,4,0.0458,2.9618,0.8871,0.089,944.0912,119.4456,0
patience,3,pick_up_mug_005,pick_up_mug_007,4,0.0394,2.9626,77.0121,7.8088,1113.0399,156.59,0
patience,3,pick_up_mug_005,pick_up_mug_008,5,0.0699,2.9372,0.0348,0.0055,1106.0179,151.6918,0
patience,3,pick_up_mug_006,pick_up_mug_001,4,0.0678,2.9328,5.1046,0.5062,534.5761,56.2024,0
patience,3,pick_up_mug_006,pick_up_mug_002,4,0.0402,2.9636,52.3621,5.2073,99.9509,9.7534,0
patience,3,pick_up_mug_006,pick_up_mug_003,4,0.0442,2.9691,86.7647,8.5556,50.8486,3.197,0
patience,3,pick_up_mug_006,pick_up_mug_004,4,0.0421,2.9619,10.7872,0.9877,604.9379,70.1672,0
patience,3,pick_up_mug_006,pick_up_mug_005,4,0.0603,2.9479,23.0504,2.2922,879.2532,110.031,0
patience,3,pick_up_mug_006,pick_up_mug_007,4,0.0445,2.964,33.3781,3.0705,586.1857,63.3011,0
patience,3,pick_up_mug_006,pick_up_mug_008,4,0.0716,2.9299,430.5928,61.7616,531.9518,60.0124,0
patience,3,pick_up_mug_007,pick_up_mug_001,6,0.1047,2.9023,0.366,0.0365,36.722,3.9666,0
patience,3,pick_up_mug_007,pick_up_mug_002,6,0.0614,2.9404,0.3787,0.0903,527.8624,53.9355,0
patience,3,pick_up_mug_007,pick_up_mug_003,7,0.0759,2.9242,0.0811,0.0121,613.5755,66.6389,0
patience,3,pick_up_mug_007,pick_up_mug_004,6,0.0566,2.9435,4.6905,0.7845,959.9754,119.8431,0
patience,3,pick_up_mug_007,pick_up_mug_005,5,0.0841,2.9294,4.72,0.4822,1095.8306,161.0704,0
patience,3,pick_up_mug_007,pick_up_mug_006,5,0.0528,2.948,0.0,0.0,529.416,58.1882,0
patience,3,pick_up_mug_007,pick_up_mug_008,7,0.0938,2.9063,48.3154,5.1091,244.399,27.4035,0
patience,3,pick_up_mug_008,pick_up_mug_001,4,0.0488,2.9579,6.0026,0.5129,185.973,13.02,0
patience,3,pick_up_mug_008,pick_up_mug_002,4,0.0388,2.9643,3.2211,0.3299,629.3627,62.4904,0
patience,3,pick_up_mug_008,pick_up_mug_003,7,0.0824,2.9227,0.0,0.0,715.7155,74.9049,0
patience,3,pick_up_mug_008,pick_up_mug_004,5,0.046,2.9551,32.2706,3.0386,1066.4161,128.64,0
patience,3,pick_up_mug_008,pick_up_mug_005,4,0.0506,2.9558,19.8234,1.9066,1186.2648,169.5773,0
patience,3,pick_up_mug_008,pick_up_mug_006,5,0.0751,2.9401,31.0951,2.996,612.6467,64.6622,0
patience,3,pick_up_mug_008,pick_up_mug_007,4,0.0307,2.9713,106.3125,10.5677,73.1916,8.6964,0
patience,5,pick_up_mug_001,pick_up_mug_002,6,0.0476,2.9625,51.9169,6.1834,243.5562,25.6633,0
patience,5,pick_up_mug_001,pick_up_mug_003,6,0.0524,2.9577,39.2335,4.6438,319.3041,38.3037,0
patience,5,pick_up_mug_001,pick_up_mug_004,6,0.0445,2.9605,45.2112,5.341,663.2485,91.4922,0
patience,5,pick_up_mug_001,pick_up_mug_005,6,0.0797,2.9278,28.6116,3.418,818.0832,124.6997,0
patience,5,pick_up_mug_001,pick_up_mug_006,7,0.0708,2.9394,74.3814,8.8756,279.8531,34.0433,0
patience,5,pick_up_mug_001,pick_up_mug_007,6,0.0591,2.9424,1.1364,0.1327,218.1788,28.8713,0
patience,5,pick_up_mug_001,pick_up_mug_008,6,0.0945,2.9061,8.2478,0.9896,187.5409,20.2187,0
patience,5,pick_up_mug_002,pick_up_mug_001,6,0.0894,2.9137,18.6403,1.7455,596.8584,55.3831,0
patience,5,pick_up_mug_002,pick_up_mug_003,8,0.0524,2.9493,0.0,0.0,114.7661,12.63,0
patience,5,pick_up_mug_002,pick_up_mug_004,6,0.0384,2.9655,22.1897,2.0184,627.5561,65.8986,0
patience,5,pick_up_mug_002,pick_up_mug_005,6,0.0642,2.9369,20.713,1.9997,943.958,105.8586,0
patience,5,pick_up_mug_002,pick_up_mug_006,6,0.0567,2.9462,45.8442,4.3592,95.4639,8.558,0
patience,5,pick_up_mug_002,pick_up_mug_007,6,0.0394,2.9628,3.0865,0.3019,570.3546,54.013,0
patience,5,pick_up_mug_002,pick_up_mug_008,9,0.1308,2.8765,26.6571,2.5749,636.4442,62.3901,0
patience,5,pick_up_mug_003,pick_up_mug_001,6,0.0906,2.914,17.9902,1.6301,704.9152,67.9725,0
patience,5,pick_up_mug_003,pick_up_mug_002,6,0.037,2.9647,1.0913,0.0886,120.5206,12.8546,0
patience,5,pick_up_mug_003,pick_up_mug_004,6,0.039,2.9635,43.4007,3.9557,536.4489,53.2743,0
patience,5,pick_up_mug_003,pick_up_mug_005,6,0.0674,2.9384,6.9448,0.6253,852.6833,88.8969,0
patience,5,pick_up_mug_003,pick_up_mug_006,7,0.0691,2.9337,12.6729,1.168,180.8867,16.833,0
patience,5,pick_up_mug_003,pick_up_mug_007,6,0.0485,2.9521,0.0123,0.0011,685.4062,66.8606,0
patience,5,pick_up_mug_003,pick_up_mug_008,8,0.1101,2.8928,50.7382,4.6956,748.8606,75.1868,0
patience,5,pick_up_mug_004,pick_up_mug_001,6,0.0917,2.9171,0.0,0.0,999.9678,117.419,0
patience,5,pick_up_mug_004,pick_up_mug_002,11,0.0826,2.9214,0.9352,0.0898,623.695,66.6114,0
patience,5,pick_up_mug_004,pick_up_mug_003,6,0.0539,2.949,10.2316,0.9871,514.0551,53.4373,0
patience,5,pick_up_mug_004,pick_up_mug_005,6,0.0725,2.9318,7.108,0.5785,374.0455,36.1118,0
patience,5,pick_up_mug_004,pick_up_mug_006,6,0.0788,2.9243,10.4069,0.8141,741.0574,81.8781,0
patience,5,pick_up_mug_004,pick_up_mug_007,6,0.0526,2.9511,12.3697,1.1774,1033.0783,121.5134,0
patience,5,pick_up_mug_004,pick_up_mug_008,9,0.141,2.8691,29.7546,2.8775,1065.4819,128.5196,0
patience,5,pick_up_mug_005,pick_up_mug_001,6,0.0947,2.9058,1.0726,0.1021,1063.0342,144.2727,0
patience,5,pick_up_mug_005,pick_up_mug_002,8,0.0805,2.9201,5.8187,0.6731,815.9954,94.52,0
patience,5,pick_up_mug_005,pick_up_mug_003,8,0.0818,2.9261,11.3681,1.1385,757.5396,85.4878,0
patience,5,pick_up_mug_005,pick_up_mug_004,6,0.0444,2.9684,6.035,0.6101,345.5799,34.6759,0
patience,5,pick_up_mug_005,pick_up_mug_006,6,0.073,2.9346,0.8871,0.089,944.0912,119.4456,0
patience,5,pick_up_mug_005,pick_up_mug_007,11,0.1086,2.8934,3.3545,0.423,1095.9941,149.1338,0
patience,5,pick_up_mug_005,pick_up_mug_008,7,0.099,2.9081,0.0348,0.0055,1106.0179,151.6918,0
patience,5,pick_up_mug_006,pick_up_mug_001,6,0.0978,2.9027,5.1046,0.5062,534.5761,56.2024,0
patience,5,pick_up_mug_006,pick_up_mug_002,6,0.0539,2.9499,52.3568,5.2069,99.9481,9.753,0
patience,5,pick_up_mug_006,pick_up_mug_003,6,0.0609,2.9524,86.7647,8.5556,50.8486,3.197,0
patience,5,pick_up_mug_006,pick_up_mug_004,6,0.0617,2.9423,9.0089,0.8163,606.1826,70.3269,0
patience,5,pick_up_mug_006,pick_up_mug_005,6,0.0898,2.9184,23.0504,2.2922,879.2532,110.031,0
patience,5,pick_up_mug_006,pick_up_mug_007,6,0.0638,2.9447,33.3781,3.0705,586.1857,63.3011,0
patience,5,pick_up_mug_006,pick_up_mug_008,11,0.1847,2.8167,15.4196,1.5704,648.802,72.3849,0
patience,5,pick_up_mug_007,pick_up_mug_001,8,0.1403,2.8667,0.366,0.0365,36.722,3.9666,0
patience,5,pick_up_mug_007,pick_up_mug_002,13,0.1344,2.8674,0.3787,0.0903,527.8624,53.9355,0
patience,5,pick_up_mug_007,pick_up_mug_003,9,0.0938,2.9063,0.348,0.0373,613.4725,66.6277,0
patience,5,pick_up_mug_007,pick_up_mug_004,8,0.08,2.9201,4.6905,0.7845,959.9754,119.8431,0
patience,5,pick_up_mug_007,pick_up_mug_005,7,0.116,2.8975,0.0,0.0,1095.0313,160.6024,0
patience,5,pick_up_mug_007,pick_up_mug_006,7,0.0798,2.9211,0.0,0.0,529.416,58.1882,0
patience,5,pick_up_mug_007,pick_up_mug_008,9,0.1232,2.8769,48.3154,5.1091,244.399,27.4035,0
patience,5,pick_up_mug_008,pick_up_mug_001,6,0.0749,2.9318,6.0026,0.5129,185.973,13.02,0
patience,5,pick_up_mug_008,pick_up_mug_002,6,0.0673,2.9359,3.2211,0.3299,629.3627,62.4904,0
patience,5,pick_up_mug_008,pick_up_mug_003,9,0.1056,2.8995,0.0,0.0,715.7155,74.9049,0
patience,5,pick_up_mug_008,pick_up_mug_004,7,0.0711,2.9301,32.2706,3.0386,1066.4161,128.64,0
patience,5,pick_up_mug_008,pick_up_mug_005,6,0.075,2.9315,19.8234,1.9066,1186.2648,169.5773,0
patience,5,pick_up_mug_008,pick_up_mug_006,7,0.1074,2.9078,31.0951,2.996,612.6467,64.6622,0
patience,5,pick_up_mug_008,pick_up_mug_007,6,0.0503,2.9517,106.3125,10.5677,73.1916,8.6964,0
patience,10,pick_up_mug_001,pick_up_mug_002,11,0.0849,2.9251,51.9169,6.1834,243.5562,25.6633,0
patience,10,pick_up_mug_001,pick_up_mug_003,11,0.0911,2.9191,39.2545,4.646,319.2892,38.3018,0
patience,10,pick_up_mug_001,pick_up_mug_004,11,0.08,2.9251,45.211,5.3409,663.2493,91.4922,0
patience,10,pick_up_mug_001,pick_up_mug_005,11,0.1391,2.8684,23.7388,2.8367,820.2054,125.2762,0
patience,10,pick_up_mug_001,pick_up_mug_006,21,0.233,2.7772,16.4474,1.907,222.2243,27.0666,0
patience,10,pick_up_mug_001,pick_up_mug_007,11,0.1043,2.8972,1.1364,0.1327,218.1788,28.8713,0
patience,10,pick_up_mug_001,pick_up_mug_008,11,0.157,2.8436,2.4555,0.3054,182.5506,19.5352,0
patience,10,pick_up_mug_002,pick_up_mug_001,11,0.16,2.8431,18.6403,1.7455,596.8584,55.3831,0
patience,10,pick_up_mug_002,pick_up_mug_003,13,0.0855,2.9162,0.0,0.0,114.7661,12.63,0
patience,10,pick_up_mug_002,pick_up_mug_004,11,0.0684,2.9355,22.1897,2.0184,627.5561,65.8986,0
patience,10,pick_up_mug_002,pick_up_mug_005,11,0.1183,2.8828,20.713,1.9997,943.958,105.8586,0
patience,10,pick_up_mug_002,pick_up_mug_006,11,0.0887,2.9142,45.8442,4.3592,95.4639,8.558,0
patience,10,pick_up_mug_002,pick_up_mug_007,11,0.0665,2.9357,3.0865,0.3019,570.3546,54.013,0
patience,10,pick_up_mug_002,pick_up_mug_008,14,0.213,2.7943,26.6571,2.5749,636.4442,62.3901,0
patience,10,pick_up_mug_003,pick_up_mug_001,11,0.1644,2.8402,17.9902,1.6301,704.9152,67.9725,0
patience,10,pick_up_mug_003,pick_up_mug_002,11,0.066,2.9356,1.0913,0.0886,120.5206,12.8546,0
patience,10,pick_up_mug_003,pick_up_mug_004,11,0.0705,2.9321,43.4007,3.9557,536.4489,53.2743,0
patience,10,pick_up_mug_003,pick_up_mug_005,11,0.1156,2.8903,6.9448,0.6253,852.6833,88.8969,0
patience,10,pick_up_mug_003,pick_up_mug_006,12,0.1193,2.8835,12.6729,1.168,180.8867,16.833,0
patience,10,pick_up_mug_003,pick_up_mug_007,11,0.0839,2.9166,0.0123,0.0011,685.4062,66.8606,0
patience,10,pick_up_mug_003,pick_up_mug_008,21,0.2782,2.7247,18.0602,1.6664,723.5433,72.1585,0
patience,10,pick_up_mug_004,pick_up_mug_001,11,0.1558,2.8531,0.0,0.0,999.9678,117.419,0
patience,10,pick_up_mug_004,pick_up_mug_002,16,0.117,2.887,0.9352,0.0898,623.695,66.6114,0
patience,10,pick_up_mug_004,pick_up_mug_003,11,0.0872,2.9157,10.2316,0.9871,514.0551,53.4373,0
patience,10,pick_up_mug_004,pick_up_mug_005,20,0.2243,2.7799,0.0,0.0,371.0179,35.7902,0
patience,10,pick_up_mug_004,pick_up_mug_006,11,0.1391,2.864,10.4069,0.8141,741.0574,81.8781,0
patience,10,pick_up_mug_004,pick_up_mug_007,11,0.0881,2.9156,2.9239,0.2776,1028.5265,120.6179,0
patience,10,pick_up_mug_004,pick_up_mug_008,14,0.2099,2.8002,29.7599,2.8779,1065.4848,128.5202,0
patience,10,pick_up_mug_005,pick_up_mug_001,11,0.1707,2.8298,0.9449,0.0899,1063.0717,144.2843,0
patience,10,pick_up_mug_005,pick_up_mug_002,13,0.1326,2.8681,5.8187,0.6731,815.9954,94.52,0
patience,10,pick_up_mug_005,pick_up_mug_003,13,0.1337,2.8741,11.3681,1.1385,757.5396,85.4878,0
patience,10,pick_up_mug_005,pick_up_mug_004,11,0.0863,2.9265,6.7311,0.6811,344.9259,34.606,0
patience,10,pick_up_mug_005,pick_up_mug_006,11,0.1315,2.8762,0.8871,0.089,944.0912,119.4456,0
patience,10,pick_up_mug_005,pick_up_mug_007,16,0.1545,2.8476,3.1796,0.3958,1095.9869,149.1289,0
patience,10,pick_up_mug_005,pick_up_mug_008,12,0.1744,2.8327,0.0348,0.0055,1106.0179,151.6918,0
patience,10,pick_up_mug_006,pick_up_mug_001,11,0.1554,2.8452,5.1046,0.5062,534.5761,56.2024,0
patience,10,pick_up_mug_006,pick_up_mug_002,19,0.1446,2.8592,0.0,0.0,68.8563,4.9759,0
patience,10,pick_up_mug_006,pick_up_mug_003,27,0.2468,2.7665,30.3969,2.9882,87.0253,8.7505,0
patience,10,pick_up_mug_006,pick_up_mug_004,11,0.1099,2.894,8.1256,0.7351,606.7214,70.3952,0
patience,10,pick_up_mug_006,pick_up_mug_005,11,0.1647,2.8435,23.0504,2.2922,879.2532,110.031,0
patience,10,pick_up_mug_006,pick_up_mug_007,11,0.1141,2.8943,33.3781,3.0705,586.1857,63.3011,0
patience,10,pick_up_mug_006,pick_up_mug_008,16,0.2635,2.7379,14.3779,1.5259,648.224,72.3138,0
patience,10,pick_up_mug_007,pick_up_mug_001,13,0.2173,2.7897,0.288,0.0345,36.7929,3.9697,0
patience,10,pick_up_mug_007,pick_up_mug_002,18,0.1651,2.8368,0.3787,0.0903,527.8624,53.9355,0
patience,10,pick_up_mug_007,pick_up_mug_003,14,0.1261,2.874,0.348,0.0373,613.4725,66.6277,0
patience,10,pick_up_mug_007,pick_up_mug_004,16,0.1228,2.8773,4.6902,0.7845,959.9754,119.8431,0
patience,10,pick_up_mug_007,pick_up_mug_005,12,0.1928,2.8207,0.0,0.0,1095.0313,160.6024,0
patience,10,pick_up_mug_007,pick_up_mug_006,12,0.1364,2.8644,0.0,0.0,529.416,58.1882,0
patience,10,pick_up_mug_007,pick_up_mug_008,14,0.1895,2.8106,48.3154,5.1091,244.399,27.4035,0
patience,10,pick_up_mug_008,pick_up_mug_001,11,0.1398,2.8669,6.0026,0.5129,185.973,13.02,0
patience,10,pick_up_mug_008,pick_up_mug_002,11,0.1192,2.884,3.2211,0.3299,629.3627,62.4904,0
patience,10,pick_up_mug_008,pick_up_mug_003,15,0.1577,2.8474,0.0,0.0,715.7155,74.9049,0
patience,10,pick_up_mug_008,pick_up_mug_004,12,0.1307,2.8704,32.2706,3.0386,1066.4161,128.64,0
patience,10,pick_up_mug_008,pick_up_mug_005,11,0.1488,2.8576,16.1008,1.5576,1185.8448,169.2355,0
patience,10,pick_up_mug_008,pick_up_mug_006,18,0.2359,2.7793,22.2885,2.1442,604.6651,63.8104,0
patience,10,pick_up_mug_008,pick_up_mug_007,20,0.1824,2.8196,14.484,1.4837,163.685,17.5023,0
first-usable,1,pick_up_mug_001,pick_up_mug_002,1,0.0072,3.0029,51.9097,6.1825,243.5636,25.6642,0
first-usable,1,pick_up_mug_001,pick_up_mug_003,1,0.0081,3.0021,39.2335,4.6438,319.3041,38.3037,0
first-usable,1,pick_up_mug_001,pick_up_mug_004,1,0.0074,2.9977,45.2171,5.342,663.239,91.4913,0
first-usable,1,pick_up_mug_001,pick_up_mug_005,1,0.0133,2.9941,28.6244,3.4195,818.0776,124.6981,0
first-usable,1,pick_up_mug_001,pick_up_mug_006,1,0.0114,2.9988,82.0972,9.7673,287.1889,34.8968,0
first-usable,1,pick_up_mug_001,pick_up_mug_007,1,0.0073,2.9942,1.4193,0.1237,216.8742,28.717,0
first-usable,1,pick_up_mug_001,pick_up_mug_008,1,0.0158,2.9848,14.6102,1.7061,192.6984,20.9339,0
first-usable,1,pick_up_mug_002,pick_up_mug_001,1,0.0161,2.987,18.6403,1.7455,596.8584,55.3831,0
first-usable,1,pick_up_mug_002,pick_up_mug_003,1,0.0067,2.995,2.126,0.2009,116.4477,12.8011,0
first-usable,1,pick_up_mug_002,pick_up_mug_004,1,0.0074,2.9965,22.0457,2.0063,627.6882,65.9125,0
first-usable,1,pick_up_mug_002,pick_up_mug_005,1,0.0145,2.9866,20.713,1.9997,943.958,105.8586,0
first-usable,1,pick_up_mug_002,pick_up_mug_006,1,0.0085,2.9944,56.7726,5.4042,104.5956,9.5978,0
first-usable,1,pick_up_mug_002,pick_up_mug_007,1,0.0069,2.9953,3.0865,0.3019,570.3546,54.013,0
first-usable,1,pick_up_mug_002,pick_up_mug_008,1,0.0169,2.9904,552.6052,55.0763,79.8004,5.2897,0
first-usable,1,pick_up_mug_003,pick_up_mug_001,1,0.0161,2.9885,17.9902,1.6301,704.9152,67.9725,0
first-usable,1,pick_up_mug_003,pick_up_mug_002,1,0.0062,2.9955,1.3198,0.1083,120.4293,12.8445,0
first-usable,1,pick_up_mug_003,pick_up_mug_004,1,0.0078,2.9947,43.4043,3.9559,536.4469,53.2742,0
first-usable,1,pick_up_mug_003,pick_up_mug_005,1,0.0101,2.9957,6.9448,0.6253,852.6833,88.8969,0
first-usable,1,pick_up_mug_003,pick_up_mug_006,1,0.0103,2.9925,130.0531,11.9924,52.3824,3.9851,0
first-usable,1,pick_up_mug_003,pick_up_mug_007,1,0.0063,2.9942,0.4758,0.0508,685.1924,66.8376,0
first-usable,1,pick_up_mug_003,pick_up_mug_008,1,0.0167,2.9862,585.6553,56.8591,161.0961,13.7084,0
first-usable,1,pick_up_mug_004,pick_up_mug_001,1,0.0182,2.9906,0.0,0.0,999.9678,117.419,0
first-usable,1,pick_up_mug_004,pick_up_mug_002,1,0.0073,2.9967,9.8116,0.9276,618.0273,65.9231,0
first-usable,1,pick_up_mug_004,pick_up_mug_003,1,0.0067,2.9962,10.2313,0.9871,514.0553,53.4373,0
first-usable,1,pick_up_mug_004,pick_up_mug_005,1,0.0146,2.9897,7.0072,0.5605,373.5697,36.0635,0
first-usable,1,pick_up_mug_004,pick_up_mug_006,1,0.0136,2.9895,9.8463,0.7092,742.3921,82.0394,0
first-usable,1,pick_up_mug_004,pick_up_mug_007,1,0.0065,2.9972,9.2772,0.8335,1024.1429,119.7853,0
first-usable,1,pick_up_mug_004,pick_up_mug_008,1,0.0172,2.9929,528.3254,53.2897,705.329,72.6249,0
first-usable,1,pick_up_mug_005,pick_up_mug_001,1,0.0161,2.9844,1.0726,0.1021,1063.0342,144.2727,0
first-usable,1,pick_up_mug_005,pick_up_mug_002,1,0.007,2.9937,49.8453,4.9426,780.147,89.1399,0
first-usable,1,pick_up_mug_005,pick_up_mug_003,1,0.007,3.0009,98.9175,9.9374,691.7708,76.7083,0
first-usable,1,pick_up_mug_005,pick_up_mug_004,1,0.0094,3.0034,11.1271,1.1176,340.8349,34.1723,0
first-usable,1,pick_up_mug_005,pick_up_mug_006,1,0.0141,2.9935,0.8871,0.089,944.0912,119.4456,0
first-usable,1,pick_up_mug_005,pick_up_mug_007,1,0.0061,2.9959,58.7259,5.9298,1078.7431,142.9889,0
first-usable,1,pick_up_mug_005,pick_up_mug_008,1,0.0174,2.9898,527.4058,55.5007,859.6083,96.5267,0
first-usable,1,pick_up_mug_006,pick_up_mug_001,1,0.0167,2.9839,11.7639,1.1694,528.8881,55.5504,0
first-usable,1,pick_up_mug_006,pick_up_mug_002,1,0.0131,2.9908,52.3621,5.2073,99.9509,9.7534,0
first-usable,1,pick_up_mug_006,pick_up_mug_003,1,0.0142,2.9991,86.7623,8.5553,50.8486,3.1973,0
first-usable,1,pick_up_mug_006,pick_up_mug_004,1,0.0149,2.9891,13.3835,1.2393,603.0491,69.9269,0
first-usable,1,pick_up_mug_006,pick_up_mug_005,1,0.0168,2.9914,23.0504,2.2922,879.2532,110.031,0
first-usable,1,pick_up_mug_006,pick_up_mug_007,1,0.0151,2.9934,33.3781,3.0705,586.1857,63.3011,0
first-usable,1,pick_up_mug_006,pick_up_mug_008,1,0.0188,2.9827,426.9606,60.8741,523.1981,58.9066,0
first-usable,1,pick_up_mug_007,pick_up_mug_001,1,0.019,2.988,442.0287,46.3174,445.8601,48.4451,0
first-usable,1,pick_up_mug_007,pick_up_mug_002,1,0.0157,2.9861,331.7847,55.9949,259.3031,40.2364,0
first-usable,1,pick_up_mug_007,pick_up_mug_003,1,0.0157,2.9844,315.796,56.2357,348.7815,47.0099,0
first-usable,1,pick_up_mug_007,pick_up_mug_004,1,0.0126,2.9875,302.3688,55.5872,788.6599,91.6965,0
first-usable,1,pick_up_mug_007,pick_up_mug_005,1,0.0198,2.9937,406.1695,42.6951,1016.8233,168.9667,0
first-usable,1,pick_up_mug_007,pick_up_mug_006,1,0.0166,2.9842,517.2067,75.6352,78.2001,48.0346,0
first-usable,1,pick_up_mug_007,pick_up_mug_008,1,0.0177,2.9824,72.2131,7.5763,220.7314,24.8802,0
first-usable,1,pick_up_mug_008,pick_up_mug_001,1,0.0165,2.9902,5.9229,0.5057,185.9353,13.014,0
first-usable,1,pick_up_mug_008,pick_up_mug_002,1,0.0141,2.989,3.2543,0.3335,629.3788,62.4922,0
first-usable,1,pick_up_mug_008,pick_up_mug_003,1,0.0106,2.9945,4.7008,0.4844,719.5229,75.3592,0
first-usable,1,pick_up_mug_008,pick_up_mug_004,1,0.0091,2.992,32.1997,3.0328,1066.4403,128.6452,0
first-usable,1,pick_up_mug_008,pick_up_mug_005,1,0.0156,2.9908,20.6619,1.9862,1186.3534,169.6558,0
first-usable,1,pick_up_mug_008,pick_up_mug_006,1,0.0144,3.0008,76.0697,7.3497,652.9303,69.0136,0
first-usable,1,pick_up_mug_008,pick_up_mug_007,1,0.0087,2.9933,106.3125,10.5677,73.1916,8.6964,0
